Copyright 1986-2022 Xilinx, Inc. All Rights Reserved. Copyright 2022-2024 Advanced Micro Devices, Inc. All Rights Reserved.
----------------------------------------------------------------------------------------------------------------------------------------------------------
| Tool Version              : Vivado v.2024.2 (win64) Build 5239630 Fri Nov 08 22:35:27 MST 2024
| Date                      : Wed Sep 10 14:54:21 2025
| Host                      : IMUPOSIBRU running 64-bit major release  (build 9200)
| Command                   : report_io -file top_module_io_placed.rpt
| Design                    : top_module
| Device                    : xcau7p
| Speed File                : -2
| Package                   : fcva289
| Package Version           : PRODUCTION 1.1 1/9/2024
| Package Pin Delay Version : PRODUCTION 1.0 7/21/2023
----------------------------------------------------------------------------------------------------------------------------------------------------------

IO Information

Table of Contents
-----------------
1. Summary
2. IO Assignments by Package Pin

1. Summary
----------

+---------------+
| Total User IO |
+---------------+
|            47 |
+---------------+


2. IO Assignments by Package Pin
--------------------------------

+------------+--------------------+------------------+------------------------------------+---------------+-------------+---------+------------+-------------------------+------+-------------------+----------------------+---------+------------+-----------+----------+------+------------------+--------------+-------------------+--------------+
| Pin Number | Signal Name        | Bank Type        | Pin Name                           | Use           | IO Standard | IO Bank | Drive (mA) | Output Impedance (ohms) | Slew | Input Termination | Off-Chip Termination | Voltage | Constraint | Pull Type | DQS Bias | Vref | Signal Integrity | Pre Emphasis | Lvds Pre Emphasis | Equalization |
+------------+--------------------+------------------+------------------------------------+---------------+-------------+---------+------------+-------------------------+------+-------------------+----------------------+---------+------------+-----------+----------+------+------------------+--------------+-------------------+--------------+
| A1         |                    |                  | GND                                | GND           |             |         |            |                         |      |                   |                      |     0.0 |            |           |          |      |                  |              |                   |              |
| A2         |                    | High Density     | IO_L8N_HDGC_AD4N_106               | GCLK          |             |     106 |            |                         |      |                   |                      |         |            |           |          |      |                  |              |                   |              |
| A3         |                    | High Density     | IO_L9N_AD3N_106                    | User IO       |             |     106 |            |                         |      |                   |                      |         |            |           |          |      |                  |              |                   |              |
| A4         |                    | High Density     | IO_L10N_AD2N_106                   | User IO       |             |     106 |            |                         |      |                   |                      |         |            |           |          |      |                  |              |                   |              |
| A5         |                    | High Density     | IO_L12N_AD0N_106                   | User IO       |             |     106 |            |                         |      |                   |                      |         |            |           |          |      |                  |              |                   |              |
| A6         |                    | High Performance | IO_T3U_N12_66                      | User IO       |             |      66 |            |                         |      |                   |                      |         |            |           |          |      |                  |              |                   |              |
| A7         |                    |                  | GND                                | GND           |             |         |            |                         |      |                   |                      |     0.0 |            |           |          |      |                  |              |                   |              |
| A8         |                    | High Performance | IO_L12N_T1U_N11_GC_66              | GCLK          |             |      66 |            |                         |      |                   |                      |         |            |           |          |      |                  |              |                   |              |
| A9         |                    | High Performance | IO_L11N_T1U_N9_GC_66               | GCLK          |             |      66 |            |                         |      |                   |                      |         |            |           |          |      |                  |              |                   |              |
| A10        | adc_data[6]        | High Performance | IO_L19N_T3L_N1_DBC_AD9N_D11_65     | INPUT         | LVCMOS18    |      65 |            |                         |      |                   |                 NONE |         | FIXED      |           |          |      | NONE             |              |                   |              |
| A11        | adc_data[10]       | High Performance | IO_L17N_T2U_N9_AD10N_D15_65        | INPUT         | LVCMOS18    |      65 |            |                         |      |                   |                 NONE |         | FIXED      |           |          |      | NONE             |              |                   |              |
| A12        |                    |                  | GND                                | GND           |             |         |            |                         |      |                   |                      |     0.0 |            |           |          |      |                  |              |                   |              |
| A13        |                    | High Performance | IO_L24N_T3U_N11_DOUT_CSO_B_65      | User IO       |             |      65 |            |                         |      |                   |                      |         |            |           |          |      |                  |              |                   |              |
| A14        | adc_data[4]        | High Performance | IO_L20N_T3L_N3_AD1N_D09_65         | INPUT         | LVCMOS18    |      65 |            |                         |      |                   |                 NONE |         | FIXED      |           |          |      | NONE             |              |                   |              |
| A15        | adc_data[0]        | High Performance | IO_L22N_T3U_N7_DBC_AD0N_D05_65     | INPUT         | LVCMOS18    |      65 |            |                         |      |                   |                 NONE |         | FIXED      |           |          |      | NONE             |              |                   |              |
| A16        | integral_value[20] | High Performance | IO_L6N_T0U_N11_AD6N_A21_65         | OUTPUT        | LVCMOS18    |      65 |         12 |                         | FAST |                   |            FP_VTT_50 |         | FIXED      |           |          |      | NONE             |              |                   |              |
| A17        |                    |                  | GND                                | GND           |             |         |            |                         |      |                   |                      |     0.0 |            |           |          |      |                  |              |                   |              |
| B1         |                    | High Density     | IO_L7N_HDGC_AD5N_106               | GCLK          |             |     106 |            |                         |      |                   |                      |         |            |           |          |      |                  |              |                   |              |
| B2         |                    | High Density     | IO_L8P_HDGC_AD4P_106               | GCLK          |             |     106 |            |                         |      |                   |                      |         |            |           |          |      |                  |              |                   |              |
| B3         |                    | High Density     | IO_L9P_AD3P_106                    | User IO       |             |     106 |            |                         |      |                   |                      |         |            |           |          |      |                  |              |                   |              |
| B4         |                    | High Density     | IO_L10P_AD2P_106                   | User IO       |             |     106 |            |                         |      |                   |                      |         |            |           |          |      |                  |              |                   |              |
| B5         |                    | High Density     | IO_L11N_AD1N_106                   | User IO       |             |     106 |            |                         |      |                   |                      |         |            |           |          |      |                  |              |                   |              |
| B6         |                    | High Density     | IO_L12P_AD0P_106                   | User IO       |             |     106 |            |                         |      |                   |                      |         |            |           |          |      |                  |              |                   |              |
| B7         |                    | High Performance | IO_T0U_N12_VRP_66                  | User IO       |             |      66 |            |                         |      |                   |                      |         |            |           |          |      |                  |              |                   |              |
| B8         | clk                | High Performance | IO_L12P_T1U_N10_GC_66              | INPUT         | LVCMOS18    |      66 |            |                         |      |                   |                 NONE |         | FIXED      |           |          |      | NONE             |              |                   |              |
| B9         |                    | High Performance | IO_L11P_T1U_N8_GC_66               | GCLK          |             |      66 |            |                         |      |                   |                      |         |            |           |          |      |                  |              |                   |              |
| B10        | adc_data[7]        | High Performance | IO_L19P_T3L_N0_DBC_AD9P_D10_65     | INPUT         | LVCMOS18    |      65 |            |                         |      |                   |                 NONE |         | FIXED      |           |          |      | NONE             |              |                   |              |
| B11        | adc_data[11]       | High Performance | IO_L17P_T2U_N8_AD10P_D14_65        | INPUT         | LVCMOS18    |      65 |            |                         |      |                   |                 NONE |         | FIXED      |           |          |      | NONE             |              |                   |              |
| B12        | adc_data[2]        | High Performance | IO_L21N_T3L_N5_AD8N_D07_65         | INPUT         | LVCMOS18    |      65 |            |                         |      |                   |                 NONE |         | FIXED      |           |          |      | NONE             |              |                   |              |
| B13        | rst_n              | High Performance | IO_L24P_T3U_N10_EMCCLK_65          | INPUT         | LVCMOS18    |      65 |            |                         |      |                   |                 NONE |         | FIXED      |           |          |      | NONE             |              |                   |              |
| B14        | adc_data[5]        | High Performance | IO_L20P_T3L_N2_AD1P_D08_65         | INPUT         | LVCMOS18    |      65 |            |                         |      |                   |                 NONE |         | FIXED      |           |          |      | NONE             |              |                   |              |
| B15        | adc_data[1]        | High Performance | IO_L22P_T3U_N6_DBC_AD0P_D04_65     | INPUT         | LVCMOS18    |      65 |            |                         |      |                   |                 NONE |         | FIXED      |           |          |      | NONE             |              |                   |              |
| B16        | integral_value[21] | High Performance | IO_L6P_T0U_N10_AD6P_A20_65         | OUTPUT        | LVCMOS18    |      65 |         12 |                         | FAST |                   |            FP_VTT_50 |         | FIXED      |           |          |      | NONE             |              |                   |              |
| B17        | integral_value[16] | High Performance | IO_L8N_T1L_N3_AD5N_A17_65          | OUTPUT        | LVCMOS18    |      65 |         12 |                         | FAST |                   |            FP_VTT_50 |         | FIXED      |           |          |      | NONE             |              |                   |              |
| C1         |                    | High Density     | IO_L7P_HDGC_AD5P_106               | GCLK          |             |     106 |            |                         |      |                   |                      |         |            |           |          |      |                  |              |                   |              |
| C2         |                    |                  | GND                                | GND           |             |         |            |                         |      |                   |                      |     0.0 |            |           |          |      |                  |              |                   |              |
| C3         |                    | High Density     | VCCO_106                           | VCCO          |             |     106 |            |                         |      |                   |                      |   any** |            |           |          |      |                  |              |                   |              |
| C4         |                    |                  | VCCAUX                             | VCCAUX        |             |         |            |                         |      |                   |                      |    1.80 |            |           |          |      |                  |              |                   |              |
| C5         |                    |                  | GND                                | GND           |             |         |            |                         |      |                   |                      |     0.0 |            |           |          |      |                  |              |                   |              |
| C6         |                    | High Density     | IO_L11P_AD1P_106                   | User IO       |             |     106 |            |                         |      |                   |                      |         |            |           |          |      |                  |              |                   |              |
| C7         |                    |                  | VCCBRAM                            | VCCBRAM       |             |         |            |                         |      |                   |                      |         |            |           |          |      |                  |              |                   |              |
| C8         |                    |                  | GND                                | GND           |             |         |            |                         |      |                   |                      |     0.0 |            |           |          |      |                  |              |                   |              |
| C9         |                    |                  | VCCAUX                             | VCCAUX        |             |         |            |                         |      |                   |                      |    1.80 |            |           |          |      |                  |              |                   |              |
| C10        |                    |                  | VCCINT                             | VCCINT        |             |         |            |                         |      |                   |                      |         |            |           |          |      |                  |              |                   |              |
| C11        |                    |                  | GND                                | GND           |             |         |            |                         |      |                   |                      |     0.0 |            |           |          |      |                  |              |                   |              |
| C12        | adc_data[3]        | High Performance | IO_L21P_T3L_N4_AD8P_D06_65         | INPUT         | LVCMOS18    |      65 |            |                         |      |                   |                 NONE |         | FIXED      |           |          |      | NONE             |              |                   |              |
| C13        | adc_data[8]        | High Performance | IO_L18N_T2U_N11_AD2N_D13_65        | INPUT         | LVCMOS18    |      65 |            |                         |      |                   |                 NONE |         | FIXED      |           |          |      | NONE             |              |                   |              |
| C14        |                    |                  | GND                                | GND           |             |         |            |                         |      |                   |                      |     0.0 |            |           |          |      |                  |              |                   |              |
| C15        | integral_value[0]  | High Performance | IO_L16N_T2U_N7_QBC_AD3N_A01_D17_65 | OUTPUT        | LVCMOS18    |      65 |         12 |                         | FAST |                   |            FP_VTT_50 |         | FIXED      |           |          |      | NONE             |              |                   |              |
| C16        | integral_value[17] | High Performance | IO_L8P_T1L_N2_AD5P_A16_65          | OUTPUT        | LVCMOS18    |      65 |         12 |                         | FAST |                   |            FP_VTT_50 |         | FIXED      |           |          |      | NONE             |              |                   |              |
| C17        |                    |                  | GND                                | GND           |             |         |            |                         |      |                   |                      |     0.0 |            |           |          |      |                  |              |                   |              |
| D1         |                    | High Density     | IO_L6N_HDGC_AD6N_106               | GCLK          |             |     106 |            |                         |      |                   |                      |         |            |           |          |      |                  |              |                   |              |
| D2         |                    | High Density     | IO_L6P_HDGC_AD6P_106               | GCLK          |             |     106 |            |                         |      |                   |                      |         |            |           |          |      |                  |              |                   |              |
| D3         |                    | High Density     | IO_L5N_HDGC_AD7N_106               | GCLK          |             |     106 |            |                         |      |                   |                      |         |            |           |          |      |                  |              |                   |              |
| D4         |                    | High Density     | IO_L5P_HDGC_AD7P_106               | GCLK          |             |     106 |            |                         |      |                   |                      |         |            |           |          |      |                  |              |                   |              |
| D5         |                    |                  | VCCINT                             | VCCINT        |             |         |            |                         |      |                   |                      |         |            |           |          |      |                  |              |                   |              |
| D6         |                    | Dedicated        | M1_0                               | Config        |             |       0 |            |                         |      |                   |                      |         |            |           |          |      |                  |              |                   |              |
| D7         |                    | Dedicated        | M0_0                               | Config        |             |       0 |            |                         |      |                   |                      |         |            |           |          |      |                  |              |                   |              |
| D8         |                    |                  | VCCINT                             | VCCINT        |             |         |            |                         |      |                   |                      |         |            |           |          |      |                  |              |                   |              |
| D9         |                    | Dedicated        | INIT_B_0                           | Config        |             |       0 |            |                         |      |                   |                      |         |            |           |          |      |                  |              |                   |              |
| D10        | integral_value[6]  | High Performance | IO_L13N_T2L_N1_GC_QBC_A07_D23_65   | OUTPUT        | LVCMOS18    |      65 |         12 |                         | FAST |                   |            FP_VTT_50 |         | FIXED      |           |          |      | NONE             |              |                   |              |
| D11        | integral_value[3]  | High Performance | IO_L15P_T2L_N4_AD11P_A02_D18_65    | OUTPUT        | LVCMOS18    |      65 |         12 |                         | FAST |                   |            FP_VTT_50 |         | FIXED      |           |          |      | NONE             |              |                   |              |
| D12        | integral_value[2]  | High Performance | IO_L15N_T2L_N5_AD11N_A03_D19_65    | OUTPUT        | LVCMOS18    |      65 |         12 |                         | FAST |                   |            FP_VTT_50 |         | FIXED      |           |          |      | NONE             |              |                   |              |
| D13        | adc_data[9]        | High Performance | IO_L18P_T2U_N10_AD2P_D12_65        | INPUT         | LVCMOS18    |      65 |            |                         |      |                   |                 NONE |         | FIXED      |           |          |      | NONE             |              |                   |              |
| D14        | integral_ready     | High Performance | IO_L23N_T3U_N9_PERSTN1_I2C_SDA_65  | OUTPUT        | LVCMOS18    |      65 |         12 |                         | SLOW |                   |            FP_VTT_50 |         | FIXED      |           |          |      | NONE             |              |                   |              |
| D15        | integral_value[1]  | High Performance | IO_L16P_T2U_N6_QBC_AD3P_A00_D16_65 | OUTPUT        | LVCMOS18    |      65 |         12 |                         | FAST |                   |            FP_VTT_50 |         | FIXED      |           |          |      | NONE             |              |                   |              |
| D16        | integral_value[8]  | High Performance | IO_L12N_T1U_N11_GC_A09_D25_65      | OUTPUT        | LVCMOS18    |      65 |         12 |                         | FAST |                   |            FP_VTT_50 |         | FIXED      |           |          |      | NONE             |              |                   |              |
| D17        | integral_value[4]  | High Performance | IO_L14N_T2L_N3_GC_A05_D21_65       | OUTPUT        | LVCMOS18    |      65 |         12 |                         | FAST |                   |            FP_VTT_50 |         | FIXED      |           |          |      | NONE             |              |                   |              |
| E1         |                    | High Density     | IO_L3N_AD9N_106                    | User IO       |             |     106 |            |                         |      |                   |                      |         |            |           |          |      |                  |              |                   |              |
| E2         |                    | High Density     | IO_L4N_AD8N_106                    | User IO       |             |     106 |            |                         |      |                   |                      |         |            |           |          |      |                  |              |                   |              |
| E3         |                    | High Density     | IO_L4P_AD8P_106                    | User IO       |             |     106 |            |                         |      |                   |                      |         |            |           |          |      |                  |              |                   |              |
| E4         |                    |                  | VCCINT                             | VCCINT        |             |         |            |                         |      |                   |                      |         |            |           |          |      |                  |              |                   |              |
| E5         |                    |                  | VCCAUX_IO                          | VCCAUX        |             |         |            |                         |      |                   |                      |         |            |           |          |      |                  |              |                   |              |
| E6         |                    |                  | VCCAUX                             | VCCAUX        |             |         |            |                         |      |                   |                      |    1.80 |            |           |          |      |                  |              |                   |              |
| E7         |                    | Dedicated        | M2_0                               | Config        |             |       0 |            |                         |      |                   |                      |         |            |           |          |      |                  |              |                   |              |
| E8         |                    | Dedicated        | VCCO_0                             | VCCO          |             |       0 |            |                         |      |                   |                      |   any** |            |           |          |      |                  |              |                   |              |
| E9         |                    | Dedicated        | PUDC_B_0                           | Config        |             |       0 |            |                         |      |                   |                      |         |            |           |          |      |                  |              |                   |              |
| E10        | integral_value[7]  | High Performance | IO_L13P_T2L_N0_GC_QBC_A06_D22_65   | OUTPUT        | LVCMOS18    |      65 |         12 |                         | FAST |                   |            FP_VTT_50 |         | FIXED      |           |          |      | NONE             |              |                   |              |
| E11        |                    | High Performance | VREF_66                            | Voltage       |             |      66 |            |                         |      |                   |                      |         |            |           |          |      |                  |              |                   |              |
| E12        | integral_value[11] | High Performance | IO_L11P_T1U_N8_GC_A10_D26_65       | OUTPUT        | LVCMOS18    |      65 |         12 |                         | FAST |                   |            FP_VTT_50 |         | FIXED      |           |          |      | NONE             |              |                   |              |
| E13        | integral_value[10] | High Performance | IO_L11N_T1U_N9_GC_A11_D27_65       | OUTPUT        | LVCMOS18    |      65 |         12 |                         | FAST |                   |            FP_VTT_50 |         | FIXED      |           |          |      | NONE             |              |                   |              |
| E14        |                    | High Performance | IO_L23P_T3U_N8_I2C_SCLK_65         | User IO       |             |      65 |            |                         |      |                   |                      |         |            |           |          |      |                  |              |                   |              |
| E15        | integral_value[9]  | High Performance | IO_L12P_T1U_N10_GC_A08_D24_65      | OUTPUT        | LVCMOS18    |      65 |         12 |                         | FAST |                   |            FP_VTT_50 |         | FIXED      |           |          |      | NONE             |              |                   |              |
| E16        |                    | High Performance | VCCO_65                            | VCCO          |             |      65 |            |                         |      |                   |                      |    1.80 |            |           |          |      |                  |              |                   |              |
| E17        | integral_value[5]  | High Performance | IO_L14P_T2L_N2_GC_A04_D20_65       | OUTPUT        | LVCMOS18    |      65 |         12 |                         | FAST |                   |            FP_VTT_50 |         | FIXED      |           |          |      | NONE             |              |                   |              |
| F1         |                    | High Density     | IO_L3P_AD9P_106                    | User IO       |             |     106 |            |                         |      |                   |                      |         |            |           |          |      |                  |              |                   |              |
| F2         |                    |                  | GND                                | GND           |             |         |            |                         |      |                   |                      |     0.0 |            |           |          |      |                  |              |                   |              |
| F3         |                    | High Density     | VCCO_106                           | VCCO          |             |     106 |            |                         |      |                   |                      |   any** |            |           |          |      |                  |              |                   |              |
| F4         |                    |                  | VCCBRAM                            | VCCBRAM       |             |         |            |                         |      |                   |                      |         |            |           |          |      |                  |              |                   |              |
| F5         |                    |                  | GND                                | GND           |             |         |            |                         |      |                   |                      |     0.0 |            |           |          |      |                  |              |                   |              |
| F6         |                    | Dedicated        | GNDADC                             | XADC          |             |       0 |            |                         |      |                   |                      |         |            |           |          |      |                  |              |                   |              |
| F7         |                    | Dedicated        | VCCADC                             | XADC          |             |       0 |            |                         |      |                   |                      |         |            |           |          |      |                  |              |                   |              |
| F8         |                    |                  | GND                                | GND           |             |         |            |                         |      |                   |                      |     0.0 |            |           |          |      |                  |              |                   |              |
| F9         |                    | Dedicated        | VCCO_0                             | VCCO          |             |       0 |            |                         |      |                   |                      |   any** |            |           |          |      |                  |              |                   |              |
| F10        |                    |                  | VCCINT                             | VCCINT        |             |         |            |                         |      |                   |                      |         |            |           |          |      |                  |              |                   |              |
| F11        |                    |                  | GND                                | GND           |             |         |            |                         |      |                   |                      |     0.0 |            |           |          |      |                  |              |                   |              |
| F12        |                    |                  | VCCINT_IO                          | VCCINT        |             |         |            |                         |      |                   |                      |         |            |           |          |      |                  |              |                   |              |
| F13        |                    |                  | VCCAUX_IO                          | VCCAUX        |             |         |            |                         |      |                   |                      |         |            |           |          |      |                  |              |                   |              |
| F14        |                    |                  | GND                                | GND           |             |         |            |                         |      |                   |                      |     0.0 |            |           |          |      |                  |              |                   |              |
| F15        |                    | High Performance | IO_T1U_N12_SMBALERT_65             | User IO       |             |      65 |            |                         |      |                   |                      |         |            |           |          |      |                  |              |                   |              |
| F16        | integral_value[12] | High Performance | IO_L10N_T1U_N7_QBC_AD4N_A13_D29_65 | OUTPUT        | LVCMOS18    |      65 |         12 |                         | FAST |                   |            FP_VTT_50 |         | FIXED      |           |          |      | NONE             |              |                   |              |
| F17        |                    |                  | GND                                | GND           |             |         |            |                         |      |                   |                      |     0.0 |            |           |          |      |                  |              |                   |              |
| G1         |                    | High Density     | IO_L2N_AD10N_106                   | User IO       |             |     106 |            |                         |      |                   |                      |         |            |           |          |      |                  |              |                   |              |
| G2         |                    | High Density     | IO_L2P_AD10P_106                   | User IO       |             |     106 |            |                         |      |                   |                      |         |            |           |          |      |                  |              |                   |              |
| G3         |                    | High Density     | IO_L1N_AD11N_106                   | User IO       |             |     106 |            |                         |      |                   |                      |         |            |           |          |      |                  |              |                   |              |
| G4         |                    | High Density     | IO_L1P_AD11P_106                   | User IO       |             |     106 |            |                         |      |                   |                      |         |            |           |          |      |                  |              |                   |              |
| G5         |                    |                  | VCCINT                             | VCCINT        |             |         |            |                         |      |                   |                      |         |            |           |          |      |                  |              |                   |              |
| G6         |                    | Dedicated        | VREFN                              | XADC          |             |       0 |            |                         |      |                   |                      |         |            |           |          |      |                  |              |                   |              |
| G7         |                    |                  | VP                                 | XADC          |             |         |            |                         |      |                   |                      |         |            |           |          |      |                  |              |                   |              |
| G8         |                    |                  | VCCINT                             | VCCINT        |             |         |            |                         |      |                   |                      |         |            |           |          |      |                  |              |                   |              |
| G9         |                    | Dedicated        | POR_OVERRIDE                       | Config        |             |       0 |            |                         |      |                   |                      |         |            |           |          |      |                  |              |                   |              |
| G10        |                    | Dedicated        | TDO_0                              | Config        |             |       0 |            |                         |      |                   |                      |         |            |           |          |      |                  |              |                   |              |
| G11        | integral_value[18] | High Performance | IO_L7N_T1L_N1_QBC_AD13N_A19_65     | OUTPUT        | LVCMOS18    |      65 |         12 |                         | FAST |                   |            FP_VTT_50 |         | FIXED      |           |          |      | NONE             |              |                   |              |
| G12        | integral_value[14] | High Performance | IO_L9N_T1L_N5_AD12N_A15_D31_65     | OUTPUT        | LVCMOS18    |      65 |         12 |                         | FAST |                   |            FP_VTT_50 |         | FIXED      |           |          |      | NONE             |              |                   |              |
| G13        |                    | High Performance | IO_T3U_N12_PERSTN0_65              | User IO       |             |      65 |            |                         |      |                   |                      |         |            |           |          |      |                  |              |                   |              |
| G14        | integral_value[22] | High Performance | IO_L5N_T0U_N9_AD14N_A23_65         | OUTPUT        | LVCMOS18    |      65 |         12 |                         | FAST |                   |            FP_VTT_50 |         | FIXED      |           |          |      | NONE             |              |                   |              |
| G15        | integral_value[13] | High Performance | IO_L10P_T1U_N6_QBC_AD4P_A12_D28_65 | OUTPUT        | LVCMOS18    |      65 |         12 |                         | FAST |                   |            FP_VTT_50 |         | FIXED      |           |          |      | NONE             |              |                   |              |
| G16        |                    | High Performance | VCCO_65                            | VCCO          |             |      65 |            |                         |      |                   |                      |    1.80 |            |           |          |      |                  |              |                   |              |
| G17        | integral_value[28] | High Performance | IO_L2N_T0L_N3_FWE_FCS2_B_65        | OUTPUT        | LVCMOS18    |      65 |         12 |                         | FAST |                   |            FP_VTT_50 |         | FIXED      |           |          |      | NONE             |              |                   |              |
| H1         |                    | High Density     | IO_L12N_AD8N_104                   | User IO       |             |     104 |            |                         |      |                   |                      |         |            |           |          |      |                  |              |                   |              |
| H2         |                    | High Density     | IO_L12P_AD8P_104                   | User IO       |             |     104 |            |                         |      |                   |                      |         |            |           |          |      |                  |              |                   |              |
| H3         |                    | High Density     | IO_L11P_AD9P_104                   | User IO       |             |     104 |            |                         |      |                   |                      |         |            |           |          |      |                  |              |                   |              |
| H4         |                    | High Density     | IO_L12P_AD8P_84                    | User IO       |             |      84 |            |                         |      |                   |                      |         |            |           |          |      |                  |              |                   |              |
| H5         |                    |                  | VCCAUX_IO                          | VCCAUX        |             |         |            |                         |      |                   |                      |         |            |           |          |      |                  |              |                   |              |
| H6         |                    |                  | VN                                 | XADC          |             |         |            |                         |      |                   |                      |         |            |           |          |      |                  |              |                   |              |
| H7         |                    | Dedicated        | VREFP                              | XADC          |             |       0 |            |                         |      |                   |                      |         |            |           |          |      |                  |              |                   |              |
| H8         |                    |                  | VCCBRAM                            | VCCBRAM       |             |         |            |                         |      |                   |                      |         |            |           |          |      |                  |              |                   |              |
| H9         |                    | Dedicated        | TDI_0                              | Config        |             |       0 |            |                         |      |                   |                      |         |            |           |          |      |                  |              |                   |              |
| H10        |                    | Dedicated        | DONE_0                             | Config        |             |       0 |            |                         |      |                   |                      |         |            |           |          |      |                  |              |                   |              |
| H11        | integral_value[19] | High Performance | IO_L7P_T1L_N0_QBC_AD13P_A18_65     | OUTPUT        | LVCMOS18    |      65 |         12 |                         | FAST |                   |            FP_VTT_50 |         | FIXED      |           |          |      | NONE             |              |                   |              |
| H12        | integral_value[15] | High Performance | IO_L9P_T1L_N4_AD12P_A14_D30_65     | OUTPUT        | LVCMOS18    |      65 |         12 |                         | FAST |                   |            FP_VTT_50 |         | FIXED      |           |          |      | NONE             |              |                   |              |
| H13        |                    | High Performance | IO_T0U_N12_VRP_A28_65              | User IO       |             |      65 |            |                         |      |                   |                      |         |            |           |          |      |                  |              |                   |              |
| H14        | integral_value[23] | High Performance | IO_L5P_T0U_N8_AD14P_A22_65         | OUTPUT        | LVCMOS18    |      65 |         12 |                         | FAST |                   |            FP_VTT_50 |         | FIXED      |           |          |      | NONE             |              |                   |              |
| H15        | integral_value[25] | High Performance | IO_L4P_T0U_N6_DBC_AD7P_A24_65      | OUTPUT        | LVCMOS18    |      65 |         12 |                         | FAST |                   |            FP_VTT_50 |         | FIXED      |           |          |      | NONE             |              |                   |              |
| H16        | integral_value[24] | High Performance | IO_L4N_T0U_N7_DBC_AD7N_A25_65      | OUTPUT        | LVCMOS18    |      65 |         12 |                         | FAST |                   |            FP_VTT_50 |         | FIXED      |           |          |      | NONE             |              |                   |              |
| H17        | integral_value[29] | High Performance | IO_L2P_T0L_N2_FOE_B_65             | OUTPUT        | LVCMOS18    |      65 |         12 |                         | FAST |                   |            FP_VTT_50 |         | FIXED      |           |          |      | NONE             |              |                   |              |
| J1         |                    | High Density     | IO_L10P_AD10P_104                  | User IO       |             |     104 |            |                         |      |                   |                      |         |            |           |          |      |                  |              |                   |              |
| J2         |                    |                  | GND                                | GND           |             |         |            |                         |      |                   |                      |     0.0 |            |           |          |      |                  |              |                   |              |
| J3         |                    | High Density     | IO_L11N_AD9N_104                   | User IO       |             |     104 |            |                         |      |                   |                      |         |            |           |          |      |                  |              |                   |              |
| J4         |                    | High Density     | IO_L12N_AD8N_84                    | User IO       |             |      84 |            |                         |      |                   |                      |         |            |           |          |      |                  |              |                   |              |
| J5         |                    |                  | GND                                | GND           |             |         |            |                         |      |                   |                      |     0.0 |            |           |          |      |                  |              |                   |              |
| J6         |                    | Dedicated        | DXN                                | Temp Sensor   |             |       0 |            |                         |      |                   |                      |         |            |           |          |      |                  |              |                   |              |
| J7         |                    | Dedicated        | DXP                                | Temp Sensor   |             |       0 |            |                         |      |                   |                      |         |            |           |          |      |                  |              |                   |              |
| J8         |                    |                  | GND                                | GND           |             |         |            |                         |      |                   |                      |     0.0 |            |           |          |      |                  |              |                   |              |
| J9         |                    | Dedicated        | D02_0                              | Config        |             |       0 |            |                         |      |                   |                      |         |            |           |          |      |                  |              |                   |              |
| J10        |                    |                  | VCCINT                             | VCCINT        |             |         |            |                         |      |                   |                      |         |            |           |          |      |                  |              |                   |              |
| J11        |                    |                  | GND                                | GND           |             |         |            |                         |      |                   |                      |     0.0 |            |           |          |      |                  |              |                   |              |
| J12        |                    |                  | VCCINT_IO                          | VCCINT        |             |         |            |                         |      |                   |                      |         |            |           |          |      |                  |              |                   |              |
| J13        |                    |                  | VCCAUX_IO                          | VCCAUX        |             |         |            |                         |      |                   |                      |         |            |           |          |      |                  |              |                   |              |
| J14        |                    |                  | GND                                | GND           |             |         |            |                         |      |                   |                      |     0.0 |            |           |          |      |                  |              |                   |              |
| J15        | integral_value[30] | High Performance | IO_L1N_T0L_N1_DBC_RS1_65           | OUTPUT        | LVCMOS18    |      65 |         12 |                         | FAST |                   |            FP_VTT_50 |         | FIXED      |           |          |      | NONE             |              |                   |              |
| J16        |                    | High Performance | VCCO_65                            | VCCO          |             |      65 |            |                         |      |                   |                      |    1.80 |            |           |          |      |                  |              |                   |              |
| J17        |                    |                  | GND                                | GND           |             |         |            |                         |      |                   |                      |     0.0 |            |           |          |      |                  |              |                   |              |
| K1         |                    | High Density     | IO_L10N_AD10N_104                  | User IO       |             |     104 |            |                         |      |                   |                      |         |            |           |          |      |                  |              |                   |              |
| K2         |                    | High Density     | IO_L9P_AD11P_104                   | User IO       |             |     104 |            |                         |      |                   |                      |         |            |           |          |      |                  |              |                   |              |
| K3         |                    | High Density     | IO_L8P_HDGC_104                    | GCLK          |             |     104 |            |                         |      |                   |                      |         |            |           |          |      |                  |              |                   |              |
| K4         |                    | High Density     | IO_L10P_AD10P_84                   | User IO       |             |      84 |            |                         |      |                   |                      |         |            |           |          |      |                  |              |                   |              |
| K5         |                    |                  | VCCINT                             | VCCINT        |             |         |            |                         |      |                   |                      |         |            |           |          |      |                  |              |                   |              |
| K6         |                    |                  | VCCAUX                             | VCCAUX        |             |         |            |                         |      |                   |                      |    1.80 |            |           |          |      |                  |              |                   |              |
| K7         |                    | Dedicated        | RSVDGND                            | GND           |             |       0 |            |                         |      |                   |                      |         |            |           |          |      |                  |              |                   |              |
| K8         |                    |                  | VCCINT                             | VCCINT        |             |         |            |                         |      |                   |                      |         |            |           |          |      |                  |              |                   |              |
| K9         |                    | Dedicated        | D00_MOSI_0                         | Config        |             |       0 |            |                         |      |                   |                      |         |            |           |          |      |                  |              |                   |              |
| K10        |                    | Dedicated        | PROGRAM_B_0                        | Config        |             |       0 |            |                         |      |                   |                      |         |            |           |          |      |                  |              |                   |              |
| K11        |                    | High Performance | VREF_65                            | Voltage       |             |      65 |            |                         |      |                   |                      |         |            |           |          |      |                  |              |                   |              |
| K12        | integral_value[27] | High Performance | IO_L3P_T0L_N4_AD15P_A26_65         | OUTPUT        | LVCMOS18    |      65 |         12 |                         | FAST |                   |            FP_VTT_50 |         | FIXED      |           |          |      | NONE             |              |                   |              |
| K13        | integral_value[26] | High Performance | IO_L3N_T0L_N5_AD15N_A27_65         | OUTPUT        | LVCMOS18    |      65 |         12 |                         | FAST |                   |            FP_VTT_50 |         | FIXED      |           |          |      | NONE             |              |                   |              |
| K14        | integral_value[31] | High Performance | IO_L1P_T0L_N0_DBC_RS0_65           | OUTPUT        | LVCMOS18    |      65 |         12 |                         | FAST |                   |            FP_VTT_50 |         | FIXED      |           |          |      | NONE             |              |                   |              |
| K15        |                    | High Performance | IO_T2U_N12_CSI_ADV_B_65            | User IO       |             |      65 |            |                         |      |                   |                      |         |            |           |          |      |                  |              |                   |              |
| K16        |                    |                  | GND                                | GND           |             |         |            |                         |      |                   |                      |     0.0 |            |           |          |      |                  |              |                   |              |
| K17        |                    |                  | MGTRREF_L                          | Gigabit       |             |         |            |                         |      |                   |                      |         |            |           |          |      |                  |              |                   |              |
| L1         |                    | High Density     | IO_L7P_HDGC_104                    | GCLK          |             |     104 |            |                         |      |                   |                      |         |            |           |          |      |                  |              |                   |              |
| L2         |                    | High Density     | IO_L9N_AD11N_104                   | User IO       |             |     104 |            |                         |      |                   |                      |         |            |           |          |      |                  |              |                   |              |
| L3         |                    | High Density     | IO_L8N_HDGC_104                    | GCLK          |             |     104 |            |                         |      |                   |                      |         |            |           |          |      |                  |              |                   |              |
| L4         |                    | High Density     | IO_L10N_AD10N_84                   | User IO       |             |      84 |            |                         |      |                   |                      |         |            |           |          |      |                  |              |                   |              |
| L5         |                    |                  | VCCAUX_IO                          | VCCAUX        |             |         |            |                         |      |                   |                      |         |            |           |          |      |                  |              |                   |              |
| L6         |                    | High Density     | IO_L11P_AD9P_84                    | User IO       |             |      84 |            |                         |      |                   |                      |         |            |           |          |      |                  |              |                   |              |
| L7         |                    | Dedicated        | TMS_0                              | Config        |             |       0 |            |                         |      |                   |                      |         |            |           |          |      |                  |              |                   |              |
| L8         |                    | Dedicated        | CCLK_0                             | Config        |             |       0 |            |                         |      |                   |                      |         |            |           |          |      |                  |              |                   |              |
| L9         |                    | Dedicated        | TCK_0                              | Config        |             |       0 |            |                         |      |                   |                      |         |            |           |          |      |                  |              |                   |              |
| L10        |                    | Dedicated        | RDWR_FCS_B_0                       | Config        |             |       0 |            |                         |      |                   |                      |         |            |           |          |      |                  |              |                   |              |
| L11        |                    |                  | GND                                | GND           |             |         |            |                         |      |                   |                      |     0.0 |            |           |          |      |                  |              |                   |              |
| L12        |                    |                  | GND                                | GND           |             |         |            |                         |      |                   |                      |     0.0 |            |           |          |      |                  |              |                   |              |
| L13        |                    |                  | GND                                | GND           |             |         |            |                         |      |                   |                      |     0.0 |            |           |          |      |                  |              |                   |              |
| L14        |                    |                  | GND                                | GND           |             |         |            |                         |      |                   |                      |     0.0 |            |           |          |      |                  |              |                   |              |
| L15        |                    |                  | GND                                | GND           |             |         |            |                         |      |                   |                      |     0.0 |            |           |          |      |                  |              |                   |              |
| L16        |                    |                  | GND                                | GND           |             |         |            |                         |      |                   |                      |     0.0 |            |           |          |      |                  |              |                   |              |
| L17        |                    |                  | MGTAVTTRCAL_L                      | Gigabit       |             |         |            |                         |      |                   |                      |         |            |           |          |      |                  |              |                   |              |
| M1         |                    | High Density     | IO_L7N_HDGC_104                    | GCLK          |             |     104 |            |                         |      |                   |                      |         |            |           |          |      |                  |              |                   |              |
| M2         |                    |                  | GND                                | GND           |             |         |            |                         |      |                   |                      |     0.0 |            |           |          |      |                  |              |                   |              |
| M3         |                    | High Density     | VCCO_104                           | VCCO          |             |     104 |            |                         |      |                   |                      |   any** |            |           |          |      |                  |              |                   |              |
| M4         |                    |                  | VCCBRAM                            | VCCBRAM       |             |         |            |                         |      |                   |                      |         |            |           |          |      |                  |              |                   |              |
| M5         |                    |                  | GND                                | GND           |             |         |            |                         |      |                   |                      |     0.0 |            |           |          |      |                  |              |                   |              |
| M6         |                    | High Density     | IO_L11N_AD9N_84                    | User IO       |             |      84 |            |                         |      |                   |                      |         |            |           |          |      |                  |              |                   |              |
| M7         |                    | Dedicated        | VBATT                              | Config        |             |       0 |            |                         |      |                   |                      |         |            |           |          |      |                  |              |                   |              |
| M8         |                    |                  | GND                                | GND           |             |         |            |                         |      |                   |                      |     0.0 |            |           |          |      |                  |              |                   |              |
| M9         |                    | Dedicated        | D01_DIN_0                          | Config        |             |       0 |            |                         |      |                   |                      |         |            |           |          |      |                  |              |                   |              |
| M10        |                    |                  | VCCINT                             | VCCINT        |             |         |            |                         |      |                   |                      |         |            |           |          |      |                  |              |                   |              |
| M11        |                    |                  | GND                                | GND           |             |         |            |                         |      |                   |                      |     0.0 |            |           |          |      |                  |              |                   |              |
| M12        |                    |                  | MGTHRXP3_124                       | Gigabit       |             |         |            |                         |      |                   |                      |         |            |           |          |      |                  |              |                   |              |
| M13        |                    |                  | MGTHRXN3_124                       | Gigabit       |             |         |            |                         |      |                   |                      |         |            |           |          |      |                  |              |                   |              |
| M14        |                    |                  | GND                                | GND           |             |         |            |                         |      |                   |                      |     0.0 |            |           |          |      |                  |              |                   |              |
| M15        |                    |                  | MGTVCCAUX_L                        | Gigabit Power |             |         |            |                         |      |                   |                      |         |            |           |          |      |                  |              |                   |              |
| M16        |                    |                  | MGTHTXP3_124                       | Gigabit       |             |         |            |                         |      |                   |                      |         |            |           |          |      |                  |              |                   |              |
| M17        |                    |                  | MGTHTXN3_124                       | Gigabit       |             |         |            |                         |      |                   |                      |         |            |           |          |      |                  |              |                   |              |
| N1         |                    | High Density     | IO_L6N_HDGC_104                    | GCLK          |             |     104 |            |                         |      |                   |                      |         |            |           |          |      |                  |              |                   |              |
| N2         |                    | High Density     | IO_L6P_HDGC_104                    | GCLK          |             |     104 |            |                         |      |                   |                      |         |            |           |          |      |                  |              |                   |              |
| N3         |                    | High Density     | IO_L4P_AD12P_104                   | User IO       |             |     104 |            |                         |      |                   |                      |         |            |           |          |      |                  |              |                   |              |
| N4         |                    | High Density     | IO_L8P_HDGC_84                     | GCLK          |             |      84 |            |                         |      |                   |                      |         |            |           |          |      |                  |              |                   |              |
| N5         |                    |                  | VCCINT                             | VCCINT        |             |         |            |                         |      |                   |                      |         |            |           |          |      |                  |              |                   |              |
| N6         |                    | High Density     | VCCO_84                            | VCCO          |             |      84 |            |                         |      |                   |                      |   any** |            |           |          |      |                  |              |                   |              |
| N7         |                    | High Density     | IO_L9P_AD11P_84                    | User IO       |             |      84 |            |                         |      |                   |                      |         |            |           |          |      |                  |              |                   |              |
| N8         |                    |                  | VCCINT                             | VCCINT        |             |         |            |                         |      |                   |                      |         |            |           |          |      |                  |              |                   |              |
| N9         |                    | Dedicated        | D03_0                              | Config        |             |       0 |            |                         |      |                   |                      |         |            |           |          |      |                  |              |                   |              |
| N10        |                    |                  | VCCBRAM                            | VCCBRAM       |             |         |            |                         |      |                   |                      |         |            |           |          |      |                  |              |                   |              |
| N11        |                    |                  | GND                                | GND           |             |         |            |                         |      |                   |                      |     0.0 |            |           |          |      |                  |              |                   |              |
| N12        |                    |                  | MGTAVCC_L                          | Gigabit Power |             |         |            |                         |      |                   |                      |         |            |           |          |      |                  |              |                   |              |
| N13        |                    |                  | GND                                | GND           |             |         |            |                         |      |                   |                      |     0.0 |            |           |          |      |                  |              |                   |              |
| N14        |                    |                  | MGTREFCLK1P_124                    | Gigabit       |             |         |            |                         |      |                   |                      |         |            |           |          |      |                  |              |                   |              |
| N15        |                    |                  | MGTREFCLK1N_124                    | Gigabit       |             |         |            |                         |      |                   |                      |         |            |           |          |      |                  |              |                   |              |
| N16        |                    |                  | GND                                | GND           |             |         |            |                         |      |                   |                      |     0.0 |            |           |          |      |                  |              |                   |              |
| N17        |                    |                  | MGTAVTT_L                          | Gigabit Power |             |         |            |                         |      |                   |                      |         |            |           |          |      |                  |              |                   |              |
| P1         |                    | High Density     | IO_L5N_HDGC_104                    | GCLK          |             |     104 |            |                         |      |                   |                      |         |            |           |          |      |                  |              |                   |              |
| P2         |                    | High Density     | IO_L5P_HDGC_104                    | GCLK          |             |     104 |            |                         |      |                   |                      |         |            |           |          |      |                  |              |                   |              |
| P3         |                    | High Density     | IO_L4N_AD12N_104                   | User IO       |             |     104 |            |                         |      |                   |                      |         |            |           |          |      |                  |              |                   |              |
| P4         |                    | High Density     | IO_L8N_HDGC_84                     | GCLK          |             |      84 |            |                         |      |                   |                      |         |            |           |          |      |                  |              |                   |              |
| P5         |                    |                  | VCCAUX_IO                          | VCCAUX        |             |         |            |                         |      |                   |                      |         |            |           |          |      |                  |              |                   |              |
| P6         |                    |                  | VCCAUX                             | VCCAUX        |             |         |            |                         |      |                   |                      |    1.80 |            |           |          |      |                  |              |                   |              |
| P7         |                    | High Density     | IO_L9N_AD11N_84                    | User IO       |             |      84 |            |                         |      |                   |                      |         |            |           |          |      |                  |              |                   |              |
| P8         |                    | High Density     | IO_L7P_HDGC_84                     | GCLK          |             |      84 |            |                         |      |                   |                      |         |            |           |          |      |                  |              |                   |              |
| P9         |                    | High Density     | IO_L6P_HDGC_84                     | GCLK          |             |      84 |            |                         |      |                   |                      |         |            |           |          |      |                  |              |                   |              |
| P10        |                    |                  | VCCAUX                             | VCCAUX        |             |         |            |                         |      |                   |                      |    1.80 |            |           |          |      |                  |              |                   |              |
| P11        |                    |                  | GND                                | GND           |             |         |            |                         |      |                   |                      |     0.0 |            |           |          |      |                  |              |                   |              |
| P12        |                    |                  | MGTHRXP2_124                       | Gigabit       |             |         |            |                         |      |                   |                      |         |            |           |          |      |                  |              |                   |              |
| P13        |                    |                  | MGTHRXN2_124                       | Gigabit       |             |         |            |                         |      |                   |                      |         |            |           |          |      |                  |              |                   |              |
| P14        |                    |                  | GND                                | GND           |             |         |            |                         |      |                   |                      |     0.0 |            |           |          |      |                  |              |                   |              |
| P15        |                    |                  | MGTVCCAUX_L                        | Gigabit Power |             |         |            |                         |      |                   |                      |         |            |           |          |      |                  |              |                   |              |
| P16        |                    |                  | MGTHTXP2_124                       | Gigabit       |             |         |            |                         |      |                   |                      |         |            |           |          |      |                  |              |                   |              |
| P17        |                    |                  | MGTHTXN2_124                       | Gigabit       |             |         |            |                         |      |                   |                      |         |            |           |          |      |                  |              |                   |              |
| R1         |                    | High Density     | IO_L3P_AD13P_104                   | User IO       |             |     104 |            |                         |      |                   |                      |         |            |           |          |      |                  |              |                   |              |
| R2         |                    |                  | GND                                | GND           |             |         |            |                         |      |                   |                      |     0.0 |            |           |          |      |                  |              |                   |              |
| R3         |                    | High Density     | VCCO_104                           | VCCO          |             |     104 |            |                         |      |                   |                      |   any** |            |           |          |      |                  |              |                   |              |
| R4         |                    |                  | VCCINT                             | VCCINT        |             |         |            |                         |      |                   |                      |         |            |           |          |      |                  |              |                   |              |
| R5         |                    |                  | GND                                | GND           |             |         |            |                         |      |                   |                      |     0.0 |            |           |          |      |                  |              |                   |              |
| R6         |                    | High Density     | VCCO_84                            | VCCO          |             |      84 |            |                         |      |                   |                      |   any** |            |           |          |      |                  |              |                   |              |
| R7         |                    | High Density     | IO_L7N_HDGC_84                     | GCLK          |             |      84 |            |                         |      |                   |                      |         |            |           |          |      |                  |              |                   |              |
| R8         |                    |                  | GND                                | GND           |             |         |            |                         |      |                   |                      |     0.0 |            |           |          |      |                  |              |                   |              |
| R9         |                    | High Density     | IO_L6N_HDGC_84                     | GCLK          |             |      84 |            |                         |      |                   |                      |         |            |           |          |      |                  |              |                   |              |
| R10        |                    |                  | VCCINT                             | VCCINT        |             |         |            |                         |      |                   |                      |         |            |           |          |      |                  |              |                   |              |
| R11        |                    |                  | GND                                | GND           |             |         |            |                         |      |                   |                      |     0.0 |            |           |          |      |                  |              |                   |              |
| R12        |                    |                  | MGTAVCC_L                          | Gigabit Power |             |         |            |                         |      |                   |                      |         |            |           |          |      |                  |              |                   |              |
| R13        |                    |                  | GND                                | GND           |             |         |            |                         |      |                   |                      |     0.0 |            |           |          |      |                  |              |                   |              |
| R14        |                    |                  | MGTREFCLK0P_124                    | Gigabit       |             |         |            |                         |      |                   |                      |         |            |           |          |      |                  |              |                   |              |
| R15        |                    |                  | MGTREFCLK0N_124                    | Gigabit       |             |         |            |                         |      |                   |                      |         |            |           |          |      |                  |              |                   |              |
| R16        |                    |                  | GND                                | GND           |             |         |            |                         |      |                   |                      |     0.0 |            |           |          |      |                  |              |                   |              |
| R17        |                    |                  | MGTAVTT_L                          | Gigabit Power |             |         |            |                         |      |                   |                      |         |            |           |          |      |                  |              |                   |              |
| T1         |                    | High Density     | IO_L3N_AD13N_104                   | User IO       |             |     104 |            |                         |      |                   |                      |         |            |           |          |      |                  |              |                   |              |
| T2         |                    | High Density     | IO_L2P_AD14P_104                   | User IO       |             |     104 |            |                         |      |                   |                      |         |            |           |          |      |                  |              |                   |              |
| T3         |                    | High Density     | IO_L1P_AD15P_104                   | User IO       |             |     104 |            |                         |      |                   |                      |         |            |           |          |      |                  |              |                   |              |
| T4         |                    | High Density     | IO_L5P_HDGC_84                     | GCLK          |             |      84 |            |                         |      |                   |                      |         |            |           |          |      |                  |              |                   |              |
| T5         |                    | High Density     | IO_L3P_AD13P_84                    | User IO       |             |      84 |            |                         |      |                   |                      |         |            |           |          |      |                  |              |                   |              |
| T6         |                    | High Density     | IO_L1P_AD15P_84                    | User IO       |             |      84 |            |                         |      |                   |                      |         |            |           |          |      |                  |              |                   |              |
| T7         |                    | High Density     | IO_L2P_AD14P_84                    | User IO       |             |      84 |            |                         |      |                   |                      |         |            |           |          |      |                  |              |                   |              |
| T8         |                    | High Density     | IO_L4P_AD12P_84                    | User IO       |             |      84 |            |                         |      |                   |                      |         |            |           |          |      |                  |              |                   |              |
| T9         |                    |                  | GND                                | GND           |             |         |            |                         |      |                   |                      |     0.0 |            |           |          |      |                  |              |                   |              |
| T10        |                    |                  | GND                                | GND           |             |         |            |                         |      |                   |                      |     0.0 |            |           |          |      |                  |              |                   |              |
| T11        |                    |                  | GND                                | GND           |             |         |            |                         |      |                   |                      |     0.0 |            |           |          |      |                  |              |                   |              |
| T12        |                    |                  | MGTHRXP1_124                       | Gigabit       |             |         |            |                         |      |                   |                      |         |            |           |          |      |                  |              |                   |              |
| T13        |                    |                  | MGTHRXN1_124                       | Gigabit       |             |         |            |                         |      |                   |                      |         |            |           |          |      |                  |              |                   |              |
| T14        |                    |                  | GND                                | GND           |             |         |            |                         |      |                   |                      |     0.0 |            |           |          |      |                  |              |                   |              |
| T15        |                    |                  | MGTAVTT_L                          | Gigabit Power |             |         |            |                         |      |                   |                      |         |            |           |          |      |                  |              |                   |              |
| T16        |                    |                  | MGTHTXP1_124                       | Gigabit       |             |         |            |                         |      |                   |                      |         |            |           |          |      |                  |              |                   |              |
| T17        |                    |                  | MGTHTXN1_124                       | Gigabit       |             |         |            |                         |      |                   |                      |         |            |           |          |      |                  |              |                   |              |
| U1         |                    |                  | GND                                | GND           |             |         |            |                         |      |                   |                      |     0.0 |            |           |          |      |                  |              |                   |              |
| U2         |                    | High Density     | IO_L2N_AD14N_104                   | User IO       |             |     104 |            |                         |      |                   |                      |         |            |           |          |      |                  |              |                   |              |
| U3         |                    | High Density     | IO_L1N_AD15N_104                   | User IO       |             |     104 |            |                         |      |                   |                      |         |            |           |          |      |                  |              |                   |              |
| U4         |                    | High Density     | IO_L5N_HDGC_84                     | GCLK          |             |      84 |            |                         |      |                   |                      |         |            |           |          |      |                  |              |                   |              |
| U5         |                    | High Density     | IO_L3N_AD13N_84                    | User IO       |             |      84 |            |                         |      |                   |                      |         |            |           |          |      |                  |              |                   |              |
| U6         |                    | High Density     | IO_L1N_AD15N_84                    | User IO       |             |      84 |            |                         |      |                   |                      |         |            |           |          |      |                  |              |                   |              |
| U7         |                    | High Density     | IO_L2N_AD14N_84                    | User IO       |             |      84 |            |                         |      |                   |                      |         |            |           |          |      |                  |              |                   |              |
| U8         |                    | High Density     | IO_L4N_AD12N_84                    | User IO       |             |      84 |            |                         |      |                   |                      |         |            |           |          |      |                  |              |                   |              |
| U9         |                    |                  | GND                                | GND           |             |         |            |                         |      |                   |                      |     0.0 |            |           |          |      |                  |              |                   |              |
| U10        |                    |                  | MGTHRXP0_124                       | Gigabit       |             |         |            |                         |      |                   |                      |         |            |           |          |      |                  |              |                   |              |
| U11        |                    |                  | MGTHRXN0_124                       | Gigabit       |             |         |            |                         |      |                   |                      |         |            |           |          |      |                  |              |                   |              |
| U12        |                    |                  | MGTAVCC_L                          | Gigabit Power |             |         |            |                         |      |                   |                      |         |            |           |          |      |                  |              |                   |              |
| U13        |                    |                  | GND                                | GND           |             |         |            |                         |      |                   |                      |     0.0 |            |           |          |      |                  |              |                   |              |
| U14        |                    |                  | MGTHTXP0_124                       | Gigabit       |             |         |            |                         |      |                   |                      |         |            |           |          |      |                  |              |                   |              |
| U15        |                    |                  | MGTHTXN0_124                       | Gigabit       |             |         |            |                         |      |                   |                      |         |            |           |          |      |                  |              |                   |              |
| U16        |                    |                  | MGTAVTT_L                          | Gigabit Power |             |         |            |                         |      |                   |                      |         |            |           |          |      |                  |              |                   |              |
| U17        |                    |                  | GND                                | GND           |             |         |            |                         |      |                   |                      |     0.0 |            |           |          |      |                  |              |                   |              |
+------------+--------------------+------------------+------------------------------------+---------------+-------------+---------+------------+-------------------------+------+-------------------+----------------------+---------+------------+-----------+----------+------+------------------+--------------+-------------------+--------------+
* Default value
** Special VCCO requirements may apply. Please consult the device family datasheet for specific guideline on VCCO requirements.


