#
# A fatal error has been detected by the Java Runtime Environment:
#
#  EXCEPTION_ACCESS_VIOLATION (0xc0000005) at pc=0x00007ffe36487eea, pid=18844, tid=22152
#
# JRE version: OpenJDK Runtime Environment Temurin-21.0.1+12 (21.0.1+12) (build 21.0.1+12-LTS)
# Java VM: OpenJDK 64-Bit Server VM Temurin-21.0.1+12 (21.0.1+12-LTS, mixed mode, sharing, tiered, compressed oops, compressed class ptrs, g1 gc, windows-amd64)
# Problematic frame:
# C  0x00007ffe36487eea
#
# No core dump will be written. Minidumps are not enabled by default on client versions of Windows
#
# If you would like to submit a bug report, please visit:
#   https://github.com/adoptium/adoptium-support/issues
# The crash happened outside the Java Virtual Machine in native code.
# See problematic frame for where to report the bug.
#

---------------  S U M M A R Y ------------

Command Line: -Dsun.java2d.pmoffscreen=false -Dhttps.protocols=TLSv1,TLSv1.1,TLSv1.2 -Dsun.java2d.xrender=false -Dsun.java2d.d3d=false -Dsun.awt.nopixfmt=true -Dsun.java2d.dpiaware=true -Dsun.java2d.uiScale.enabled=false -Dswing.aatext=true -XX:-UsePerfData -Djdk.map.althashing.threshold=512 -XX:StringTableSize=4072 -XX:+UseStringDeduplication -XX:MaxGCPauseMillis=200 -XX:ParallelGCThreads=4 -XX:+ParallelRefProcEnabled --add-opens=java.desktop/javax.swing.plaf.synth=ALL-UNNAMED --add-opens=java.base/java.nio=ALL-UNNAMED --add-opens=java.desktop/sun.swing=ALL-UNNAMED --add-opens=java.desktop/javax.swing=ALL-UNNAMED --add-opens=java.desktop/javax.swing.tree=ALL-UNNAMED --add-opens=java.desktop/javax.swing.plaf.basic=ALL-UNNAMED --add-opens=java.desktop/javax.swing.plaf.synth=ALL-UNNAMED --add-opens=java.desktop/javax.swing.plaf.basic=ALL-UNNAMED --add-opens=java.desktop/javax.swing=ALL-UNNAMED --add-opens=java.desktop/javax.swing.tree=ALL-UNNAMED --add-opens=java.desktop/java.awt.event=ALL-UNNAMED --add-exports=java.desktop/javax.swing.plaf.synth=ALL-UNNAMED --add-exports=java.base/java.nio=ALL-UNNAMED --add-exports=java.desktop/sun.swing=ALL-UNNAMED --add-exports=java.desktop/javax.swing=ALL-UNNAMED --add-exports=java.desktop/javax.swing.tree=ALL-UNNAMED --add-exports=java.desktop/javax.swing.plaf.basic=ALL-UNNAMED --add-exports=java.desktop/sun.swing=ALL-UNNAMED --add-exports=java.desktop/sun.swing.table=ALL-UNNAMED --add-exports=java.desktop/sun.swing.plaf.synth=ALL-UNNAMED --add-exports=java.desktop/sun.awt.shell=ALL-UNNAMED --add-exports=java.base/sun.security.action=ALL-UNNAMED --add-exports=java.desktop/sun.font=ALL-UNNAMED -XX:NewSize=80m -XX:MaxNewSize=80m -Xms512m -Xmx4072m -Xss10m 

Host: Intel(R) Core(TM) i5-9300HF CPU @ 2.40GHz, 8 cores, 31G,  Windows 11 , 64 bit Build 26100 (10.0.26100.5074)
Time: Fri Sep  5 21:01:36 2025  Windows 11 , 64 bit Build 26100 (10.0.26100.5074) elapsed time: 36564.469029 seconds (0d 10h 9m 24s)

---------------  T H R E A D  ---------------

Current thread (0x0000028d7fbd2f10):  JavaThread "AWT-EventQueue-0"        [_thread_in_native, id=22152, stack(0x000000f4a5700000,0x000000f4a6100000) (10240K)]

Stack: [0x000000f4a5700000,0x000000f4a6100000],  sp=0x000000f4a60fdbc0,  free space=10230k
Native frames: (J=compiled Java code, j=interpreted, Vv=VM code, C=native code)
C  0x00007ffe36487eea
C  0x00007ffe364e02c4
C  0x00007ffe364e1143
C  0x00007ffe364ed477
C  0x00007ffe366b52b0
C  [ucrtbase.dll+0x4bc75]
C  [ucrtbase.dll+0x4b897]
C  [ucrtbase.dll+0x4b84d]
C  0x00007ffe36682f8d
C  0x00007ffe366830b2
C  [ntdll.dll+0x160ede]
C  [ntdll.dll+0x7483e]
C  [ntdll.dll+0xfdfff]
C  [ntdll.dll+0x8ede]
C  [KERNEL32.DLL+0x418ab]
C  [ucrtbase.dll+0xa0093]
C  [ucrtbase.dll+0xa4ae9]
C  [VCRUNTIME140.dll+0x5a5a]
C  0x00007ffe28b8d14c
C  0x00007ffe28b8f408
C  0x00007ffe28b8fcdd
C  0x00007ffe28b5122b
C  0x00007ffe3647dce0
C  0x00007ffe36497398
C  0x00007ffe2016644a

Java frames: (J=compiled Java code, j=interpreted, Vv=VM code)
J 45802  ui.views.simulator.executive.simulationi.SimulationExecutive_getCodeTooltipValue(JLjava/lang/String;IZ)Ljava/lang/String; (0 bytes) @ 0x0000028d2cb8c9b7 [0x0000028d2cb8c940+0x0000000000000077]
J 64989 c2 ui.views.P.d.mouseMoved(Ljava/awt/event/MouseEvent;)V (13 bytes) @ 0x0000028d2c559a08 [0x0000028d2c5591c0+0x0000000000000848]
J 63600 c2 java.awt.AWTEventMulticaster.mouseMoved(Ljava/awt/event/MouseEvent;)V java.desktop@21.0.1 (27 bytes) @ 0x0000028d2c175a14 [0x0000028d2c175940+0x00000000000000d4]
J 63600 c2 java.awt.AWTEventMulticaster.mouseMoved(Ljava/awt/event/MouseEvent;)V java.desktop@21.0.1 (27 bytes) @ 0x0000028d2c1759c8 [0x0000028d2c175940+0x0000000000000088]
J 63600 c2 java.awt.AWTEventMulticaster.mouseMoved(Ljava/awt/event/MouseEvent;)V java.desktop@21.0.1 (27 bytes) @ 0x0000028d2c1759c8 [0x0000028d2c175940+0x0000000000000088]
J 48611 c2 javax.swing.JComponent.processMouseMotionEvent(Ljava/awt/event/MouseEvent;)V java.desktop@21.0.1 (46 bytes) @ 0x0000028d2cdcd6fc [0x0000028d2cdcd660+0x000000000000009c]
J 41919 c2 java.awt.Container.processEvent(Ljava/awt/AWTEvent;)V java.desktop@21.0.1 (22 bytes) @ 0x0000028d2c487484 [0x0000028d2c487340+0x0000000000000144]
J 65181 c2 java.awt.Component.dispatchEventImpl(Ljava/awt/AWTEvent;)V java.desktop@21.0.1 (785 bytes) @ 0x0000028d2ce067e0 [0x0000028d2ce05c80+0x0000000000000b60]
J 50975 c2 java.awt.Container.dispatchEventImpl(Ljava/awt/AWTEvent;)V java.desktop@21.0.1 (129 bytes) @ 0x0000028d2bff7fe0 [0x0000028d2bff7f80+0x0000000000000060]
J 45841 c2 java.awt.LightweightDispatcher.retargetMouseEvent(Ljava/awt/Component;ILjava/awt/event/MouseEvent;)V java.desktop@21.0.1 (372 bytes) @ 0x0000028d2c73afac [0x0000028d2c73ab20+0x000000000000048c]
J 34777 c2 java.awt.LightweightDispatcher.dispatchEvent(Ljava/awt/AWTEvent;)Z java.desktop@21.0.1 (73 bytes) @ 0x0000028d2b974480 [0x0000028d2b973fc0+0x00000000000004c0]
J 51285 c2 java.awt.Window.dispatchEventImpl(Ljava/awt/AWTEvent;)V java.desktop@21.0.1 (23 bytes) @ 0x0000028d2c2f8f68 [0x0000028d2c2f8d20+0x0000000000000248]
J 15028 c2 java.awt.EventQueue.dispatchEventImpl(Ljava/awt/AWTEvent;Ljava/lang/Object;)V java.desktop@21.0.1 (139 bytes) @ 0x0000028d2c4dddb0 [0x0000028d2c4dd940+0x0000000000000470]
J 34430 c2 java.awt.EventQueue$4.run()Ljava/lang/Object; java.desktop@21.0.1 (5 bytes) @ 0x0000028d2baf5408 [0x0000028d2baf53a0+0x0000000000000068]
J 18267 c2 java.awt.EventQueue.dispatchEvent(Ljava/awt/AWTEvent;)V java.desktop@21.0.1 (80 bytes) @ 0x0000028d2ba8c548 [0x0000028d2ba8c0c0+0x0000000000000488]
J 29216 c2 java.awt.EventDispatchThread.pumpOneEventForFilters(I)V java.desktop@21.0.1 (106 bytes) @ 0x0000028d2c02c770 [0x0000028d2c02c280+0x00000000000004f0]
J 23433% c2 java.awt.EventDispatchThread.pumpEventsForFilter(ILjava/awt/Conditional;Ljava/awt/EventFilter;)V java.desktop@21.0.1 (47 bytes) @ 0x0000028d2c9df104 [0x0000028d2c9dee60+0x00000000000002a4]
j  java.awt.EventDispatchThread.pumpEventsForHierarchy(ILjava/awt/Conditional;Ljava/awt/Component;)V+11 java.desktop@21.0.1
j  java.awt.EventDispatchThread.pumpEvents(ILjava/awt/Conditional;)V+4 java.desktop@21.0.1
j  java.awt.EventDispatchThread.pumpEvents(Ljava/awt/Conditional;)V+3 java.desktop@21.0.1
j  java.awt.EventDispatchThread.run()V+9 java.desktop@21.0.1
v  ~StubRoutines::call_stub 0x0000028d2b3d100d

siginfo: EXCEPTION_ACCESS_VIOLATION (0xc0000005), reading address 0xffffffffffffffff


Registers:
RAX=0x00007ffe29356388, RBX=0x0000028df8460390, RCX=0x0000028de2889430, RDX=0x000000f4a60fdc88
RSP=0x000000f4a60fdbc0, RBP=0x0000d851cef7ef6f, RSI=0x00007ffe36467780, RDI=0x0000000000000001
R8 =0x0000000000000000, R9 =0x0000000000000000, R10=0x00007fff16810000, R11=0x000000f4a60fdb00
R12=0x0000028e1d7351b0, R13=0x00007ffe36467770, R14=0x0000000000000000, R15=0x00007ffe36771720
RIP=0x00007ffe36487eea, EFLAGS=0x0000000000010246


Register to memory mapping:

RAX=0x00007ffe29356388 points into unknown readable memory: 0x00007ffe289dca60 | 60 ca 9d 28 fe 7f 00 00
RBX=0x0000028df8460390 points into unknown readable memory: 0x0000028da256db30 | 30 db 56 a2 8d 02 00 00
RCX=0x0000028de2889430 points into unknown readable memory: 0x00007ffe29356388 | 88 63 35 29 fe 7f 00 00
RDX=0x000000f4a60fdc88 is pointing into the stack for thread: 0x0000028d7fbd2f10
RSP=0x000000f4a60fdbc0 is pointing into the stack for thread: 0x0000028d7fbd2f10
RBP=0x0000d851cef7ef6f is an unknown value
RSI=0x00007ffe36467780 points into unknown readable memory: 0x24ed9f25ff48128b | 8b 12 48 ff 25 9f ed 24
RDI=0x0000000000000001 is an unknown value
R8 =0x0 is null
R9 =0x0 is null
R10=0x00007fff16810000 VCRUNTIME140.dll
R11=0x000000f4a60fdb00 is pointing into the stack for thread: 0x0000028d7fbd2f10
R12=0x0000028e1d7351b0 points into unknown readable memory: 0x00007ffe366bf570 | 70 f5 6b 36 fe 7f 00 00
R13=0x00007ffe36467770 points into unknown readable memory: 0xcccccccccc0000c2 | c2 00 00 cc cc cc cc cc
R14=0x0 is null
R15=0x00007ffe36771720 points into unknown readable memory: 0x00007ffe366ba640 | 40 a6 6b 36 fe 7f 00 00

Top of Stack: (sp=0x000000f4a60fdbc0)
0x000000f4a60fdbc0:   0000028df8460390 00007ffe36467780
0x000000f4a60fdbd0:   0000d851cef7ef6f 0000000000000011
0x000000f4a60fdbe0:   0000000000002101 000000f4a60fdc70
0x000000f4a60fdbf0:   0000020000000000 00007ffe6993c630
0x000000f4a60fdc00:   0000028e1d735350 0000028daec38500
0x000000f4a60fdc10:   0000000000000000 0000000000000000
0x000000f4a60fdc20:   000000000000000f 000000000000002e
0x000000f4a60fdc30:   0000028daec385e0 0000028de2889430
0x000000f4a60fdc40:   0000000000000005 0000000000000000
0x000000f4a60fdc50:   0000028d1aaa6010 0000028daec384c0
0x000000f4a60fdc60:   0000028d0045554c 0000000000000018
0x000000f4a60fdc70:   000000000000001f 000000007ffe032e
0x000000f4a60fdc80:   000000f4a60fdc58 0000000000786568
0x000000f4a60fdc90:   0000028d108b97d0 0000000000000003
0x000000f4a60fdca0:   000000000000000f 00007fff3c2177f7
0x000000f4a60fdcb0:   0000028d10880000 0000000020636564
0x000000f4a60fdcc0:   0000028d108b97d0 0000000000000004
0x000000f4a60fdcd0:   000000000000000f 0000000000000000
0x000000f4a60fdce0:   0000028daaa92650 0000028dfaa7d080
0x000000f4a60fdcf0:   000000000000006e 000000000000006f
0x000000f4a60fdd00:   0000000000000000 0000000000000000
0x000000f4a60fdd10:   0000000000000000 000000000000000f
0x000000f4a60fdd20:   0000028daec38370 0000000000000000
0x000000f4a60fdd30:   0000000000000000 0000028d16138c40
0x000000f4a60fdd40:   0000000000000000 0000028d108804b8
0x000000f4a60fdd50:   000000f4a60fde00 0000000000000001
0x000000f4a60fdd60:   000000f4a60fde10 000000f4a60fde00
0x000000f4a60fdd70:   0000000000000000 0000000000000000
0x000000f4a60fdd80:   0000028d00000031 0000000000000000
0x000000f4a60fdd90:   000000000000000f 0000028daec384c0
0x000000f4a60fdda0:   0000000000000033 00007ffe6862e522
0x000000f4a60fddb0:   0000000000000031 0000000000000000 

Instructions: (pc=0x00007ffe36487eea)
0x00007ffe36487dea:   15 49 e9 22 00 90 ff 15 42 e9 22 00 cc ff 15 3b
0x00007ffe36487dfa:   e9 22 00 cc ff 15 34 e9 22 00 cc ff 15 2d e9 22
0x00007ffe36487e0a:   00 90 49 8b c6 48 89 84 24 d8 01 00 00 44 89 74
0x00007ffe36487e1a:   24 24 49 8b 9c 24 50 01 00 00 48 8b 1b 4c 8d 2d
0x00007ffe36487e2a:   42 f9 fd ff 48 8d 35 4b f9 fd ff 80 7b 19 00 0f
0x00007ffe36487e3a:   85 2a 03 00 00 0f b6 7c 24 20 0f 1f 40 00 0f 1f
0x00007ffe36487e4a:   84 00 00 00 00 00 0f 10 4b 20 0f 11 4c 24 78 f2
0x00007ffe36487e5a:   0f 10 43 30 f2 0f 11 84 24 88 00 00 00 66 0f 73
0x00007ffe36487e6a:   d9 08 66 0f 7e c8 48 63 c8 49 8b 14 cf 4c 89 b4
0x00007ffe36487e7a:   24 f8 00 00 00 4c 89 b4 24 08 01 00 00 48 c7 84
0x00007ffe36487e8a:   24 10 01 00 00 0f 00 00 00 c6 84 24 f8 00 00 00
0x00007ffe36487e9a:   00 49 c7 c0 ff ff ff ff 49 ff c0 42 80 3c 02 00
0x00007ffe36487eaa:   75 f6 48 8d 8c 24 f8 00 00 00 e8 07 fd f6 ff 90
0x00007ffe36487eba:   41 b8 01 00 00 00 48 8d 15 21 2f 23 00 48 8d 8c
0x00007ffe36487eca:   24 f8 00 00 00 e8 ac d8 f7 ff 48 8b 4c 24 78 48
0x00007ffe36487eda:   8b 01 45 33 c9 45 33 c0 48 8d 94 24 c8 00 00 00
0x00007ffe36487eea:   ff 90 90 00 00 00 90 4c 8b 40 10 48 83 78 18 10
0x00007ffe36487efa:   72 03 48 8b 00 48 8b d0 48 8d 8c 24 f8 00 00 00
0x00007ffe36487f0a:   e8 71 d8 f7 ff 90 48 8b 94 24 e0 00 00 00 48 83
0x00007ffe36487f1a:   fa 10 72 35 48 ff c2 48 8b 8c 24 c8 00 00 00 48
0x00007ffe36487f2a:   8b c1 48 81 fa 00 10 00 00 72 19 48 83 c2 27 48
0x00007ffe36487f3a:   8b 49 f8 48 2b c1 48 83 c0 f8 48 83 f8 1f 0f 87
0x00007ffe36487f4a:   ea 04 00 00 e8 29 a3 1f 00 41 b8 01 00 00 00 48
0x00007ffe36487f5a:   8d 15 00 30 23 00 48 8d 8c 24 f8 00 00 00 e8 13
0x00007ffe36487f6a:   d8 f7 ff 48 8d 15 f4 2f 23 00 48 8d 8c 24 e0 01
0x00007ffe36487f7a:   00 00 e8 4f 2a f9 ff 90 48 8d 4c 24 24 48 89 8c
0x00007ffe36487f8a:   24 c8 00 00 00 4c 89 ac 24 d0 00 00 00 48 89 b4
0x00007ffe36487f9a:   24 d8 00 00 00 48 8d 94 24 c8 00 00 00 48 8b c8
0x00007ffe36487faa:   e8 01 00 f9 ff 48 8d 94 24 98 00 00 00 48 8b c8
0x00007ffe36487fba:   e8 f1 d7 f9 ff 90 80 bc 24 d0 02 00 00 00 74 31
0x00007ffe36487fca:   48 8b 8c 24 e0 02 00 00 48 85 c9 74 1c 48 8b 01
0x00007ffe36487fda:   ff 50 10 48 85 c0 74 11 48 8b 08 4c 8b 01 ba 01 


Stack slot to memory mapping:

stack at sp + 0 slots: 0x0000028df8460390 points into unknown readable memory: 0x0000028da256db30 | 30 db 56 a2 8d 02 00 00
stack at sp + 1 slots: 0x00007ffe36467780 points into unknown readable memory: 0x24ed9f25ff48128b | 8b 12 48 ff 25 9f ed 24
stack at sp + 2 slots: 0x0000d851cef7ef6f is an unknown value
stack at sp + 3 slots: 0x0000000000000011 is an unknown value
stack at sp + 4 slots: 0x0000000000002101 is an unknown value
stack at sp + 5 slots: 0x000000f4a60fdc70 is pointing into the stack for thread: 0x0000028d7fbd2f10
stack at sp + 6 slots: 0x0000020000000000 is an unknown value
stack at sp + 7 slots: 0x00007ffe6993c630 boost_filesystem.dll


Compiled method (n/a) 36564851 45802     n 0       ui.views.simulator.executive.simulationi::SimulationExecutive_getCodeTooltipValue (native)
 total in heap  [0x0000028d2cb8c790,0x0000028d2cb8cda0] = 1552
 relocation     [0x0000028d2cb8c8f0,0x0000028d2cb8c928] = 56
 main code      [0x0000028d2cb8c940,0x0000028d2cb8cd95] = 1109
 stub code      [0x0000028d2cb8cd95,0x0000028d2cb8cd98] = 3
 oops           [0x0000028d2cb8cd98,0x0000028d2cb8cda0] = 8

[Constant Pool (empty)]

[MachCode]
[Entry Point]
  # {method} {0x0000028d7e36d148} 'SimulationExecutive_getCodeTooltipValue' '(JLjava/lang/String;IZ)Ljava/lang/String;' in 'ui/views/simulator/executive/simulationi'
  # parm0:    rdx:rdx   = long
  # parm1:    r8:r8     = 'java/lang/String'
  # parm2:    r9        = int
  # parm3:    rdi       = boolean
  #           [sp+0x80]  (sp of caller)
  0x0000028d2cb8c940: 448b 5208 | 49bb 0000 | 003a 8d02 | 0000 4d03 | d349 3bc2 | 0f84 0600 

  0x0000028d2cb8c958: ;   {runtime_call ic_miss_stub}
  0x0000028d2cb8c958: 0000 e921 | 1e89 fe90 
[Verified Entry Point]
  0x0000028d2cb8c960: 8984 2400 | 80ff ff55 | 488b ec48 | 83ec 7090 | 4181 7f20 | a300 0000 

  0x0000028d2cb8c978: ;   {runtime_call StubRoutines (final stubs)}
  0x0000028d2cb8c978: 7405 e8e1 | 8387 fe48 | 897c 2428 | 4c89 4c24 | 204c 8944 | 2438 4983 | f800 4c8d | 4c24 384c 
  0x0000028d2cb8c998: 0f44 4c24 | 384c 8bc2 

  0x0000028d2cb8c9a0: ;   {oop(a 'java/lang/Class'{0x0000000704a2e360} = 'ui/views/simulator/executive/simulationi')}
  0x0000028d2cb8c9a0: 49be 60e3 | a204 0700 | 0000 4c89 | 7424 604c | 8d74 2460 | 498b d6c5 

  0x0000028d2cb8c9b8: ;   {internal_word}
  0x0000028d2cb8c9b8: f877 49ba | b7c9 b82c | 8d02 0000 | 4d89 97a0 | 0300 0049 | 89a7 9803 

  0x0000028d2cb8c9d0: ;   {external_word}
  0x0000028d2cb8c9d0: 0000 49ba | ae9a 3463 | fe7f 0000 | 4180 3a00 | 0f84 4e00 | 0000 5241 

  0x0000028d2cb8c9e8: ;   {metadata({method} {0x0000028d7e36d148} 'SimulationExecutive_getCodeTooltipValue' '(JLjava/lang/String;IZ)Ljava/lang/String;' in 'ui/views/simulator/executive/simulationi')}
  0x0000028d2cb8c9e8: 5041 5148 | ba40 d136 | 7e8d 0200 | 0049 8bcf | 4883 ec20 | 40f6 c40f | 0f84 1900 | 0000 4883 
  0x0000028d2cb8ca08: ;   {runtime_call}
  0x0000028d2cb8ca08: ec08 48b8 | a0d6 de62 | fe7f 0000 | ffd0 4883 | c408 e90c 

  0x0000028d2cb8ca1c: ;   {runtime_call}
  0x0000028d2cb8ca1c: 0000 0048 | b8a0 d6de | 62fe 7f00 | 00ff d048 | 83c4 2041 | 5941 585a | 498d 8fb8 | 0300 0041 
  0x0000028d2cb8ca3c: c787 4c04 | 0000 0400 

  0x0000028d2cb8ca44: ;   {runtime_call}
  0x0000028d2cb8ca44: 0000 48b8 | d060 1620 | fe7f 0000 | ffd0 c5f8 | 7741 c787 | 4c04 0000 | 0500 0000 | f083 4424 
  0x0000028d2cb8ca64: c000 493b | af50 0400 | 000f 870e | 0000 0041 | 83bf 4804 | 0000 000f | 842b 0000 | 00c5 f877 
  0x0000028d2cb8ca84: 4889 45f8 | 498b cf4c | 8be4 4883 | ec20 4883 

  0x0000028d2cb8ca94: ;   {runtime_call}
  0x0000028d2cb8ca94: e4f0 48b8 | 2099 aa62 | fe7f 0000 | ffd0 498b | e44d 33e4 | 488b 45f8 | 41c7 874c | 0400 0008 
  0x0000028d2cb8cab4: 0000 0041 | 83bf c804 | 0000 020f | 84a3 0200 

  0x0000028d2cb8cac4: ;   {external_word}
  0x0000028d2cb8cac4: 0049 baae | 9a34 63fe | 7f00 0041 | 803a 000f | 844c 0000 | 0048 8945 

  0x0000028d2cb8cadc: ;   {metadata({method} {0x0000028d7e36d148} 'SimulationExecutive_getCodeTooltipValue' '(JLjava/lang/String;IZ)Ljava/lang/String;' in 'ui/views/simulator/executive/simulationi')}
  0x0000028d2cb8cadc: f848 ba40 | d136 7e8d | 0200 0049 | 8bcf 4883 | ec20 40f6 | c40f 0f84 | 1900 0000 | 4883 ec08 
  0x0000028d2cb8cafc: ;   {runtime_call}
  0x0000028d2cb8cafc: 48b8 a0d6 | de62 fe7f | 0000 ffd0 | 4883 c408 | e90c 0000 

  0x0000028d2cb8cb10: ;   {runtime_call}
  0x0000028d2cb8cb10: 0048 b8a0 | d6de 62fe | 7f00 00ff | d048 83c4 | 2048 8b45 | f849 c787 | 9803 0000 | 0000 0000 
  0x0000028d2cb8cb30: 49c7 87a0 | 0300 0000 | 0000 00c5 | f877 4885 | c00f 84fe | 0100 00a8 | 030f 8508 | 0000 0048 
  0x0000028d2cb8cb50: 8b00 e9ee | 0100 00a8 | 010f 8509 | 0000 0048 | 8b40 fee9 | dd01 0000 | 488b 40ff | 4180 7f40 
  0x0000028d2cb8cb70: 000f 84ce | 0100 0048 | 83f8 000f | 84c4 0100 | 0049 8b4f | 2848 83f9 | 000f 8414 | 0000 0048 
  0x0000028d2cb8cb90: 83e9 0849 | 894f 2849 | 034f 3848 | 8901 e9a2 | 0100 0048 | 81ec d000 | 0000 4889 | 0424 4889 
  0x0000028d2cb8cbb0: 4c24 0848 | 8954 2410 | 4889 7424 | 1848 897c | 2420 4c89 | 4424 284c | 894c 2430 | 4c89 5424 
  0x0000028d2cb8cbd0: 384c 895c | 2440 c5fb | 1144 2450 | c5fb 114c | 2458 c5fb | 1154 2460 | c5fb 115c | 2468 c5fb 
  0x0000028d2cb8cbf0: 1164 2470 | c5fb 116c | 2478 c5fb | 11b4 2480 | 0000 00c5 | fb11 bc24 | 8800 0000 | c57b 1184 
  0x0000028d2cb8cc10: ;   {no_reloc}
  0x0000028d2cb8cc10: 2490 0000 | 00c5 7b11 | 8c24 9800 | 0000 c57b | 1194 24a0 | 0000 00c5 | 7b11 9c24 | a800 0000 
  0x0000028d2cb8cc30: c57b 11a4 | 24b0 0000 | 00c5 7b11 | ac24 b800 | 0000 c57b | 11b4 24c0 | 0000 00c5 | 7b11 bc24 
  0x0000028d2cb8cc50: c800 0000 | 498b d748 | 8bc8 4883 | ec20 40f6 | c40f 0f84 | 1900 0000 | 4883 ec08 

  0x0000028d2cb8cc6c: ;   {runtime_call}
  0x0000028d2cb8cc6c: 48b8 e008 | 9e62 fe7f | 0000 ffd0 | 4883 c408 | e90c 0000 

  0x0000028d2cb8cc80: ;   {runtime_call}
  0x0000028d2cb8cc80: 0048 b8e0 | 089e 62fe | 7f00 00ff | d048 83c4 | 20c5 7b10 | bc24 c800 | 0000 c57b | 10b4 24c0 
  0x0000028d2cb8cca0: 0000 00c5 | 7b10 ac24 | b800 0000 | c57b 10a4 | 24b0 0000 | 00c5 7b10 | 9c24 a800 | 0000 c57b 
  0x0000028d2cb8ccc0: 1094 24a0 | 0000 00c5 | 7b10 8c24 | 9800 0000 | c57b 1084 | 2490 0000 | 00c5 fb10 | bc24 8800 
  0x0000028d2cb8cce0: 0000 c5fb | 10b4 2480 | 0000 00c5 | fb10 6c24 | 78c5 fb10 | 6424 70c5 | fb10 5c24 | 68c5 fb10 
  0x0000028d2cb8cd00: 5424 60c5 | fb10 4c24 | 58c5 fb10 | 4424 504c | 8b5c 2440 | 4c8b 5424 | 384c 8b4c | 2430 4c8b 
  0x0000028d2cb8cd20: 4424 2848 | 8b7c 2420 | 488b 7424 | 1848 8b54 | 2410 488b | 4c24 0848 | 8b04 2448 | 81c4 d000 
  0x0000028d2cb8cd40: 0000 c5f8 | 7749 8b8f | 2804 0000 | c781 0001 | 0000 0000 | 0000 c949 | 837f 0800 | 0f85 0100 
  0x0000028d2cb8cd60: ;   {runtime_call StubRoutines (initial stubs)}
  0x0000028d2cb8cd60: 0000 c3e9 | 9841 84fe | c5f8 7748 | 8945 f84c | 8be4 4883 | ec20 4883 

  0x0000028d2cb8cd78: ;   {runtime_call}
  0x0000028d2cb8cd78: e4f0 48b8 | 800e df62 | fe7f 0000 | ffd0 498b | e44d 33e4 | 488b 45f8 | e930 fdff | fff4 f4f4 
[/MachCode]


Compiled method (c2) 36564869 64989       4       ui.views.P.d::mouseMoved (13 bytes)
 total in heap  [0x0000028d2c558d90,0x0000028d2c55c718] = 14728
 relocation     [0x0000028d2c558ef0,0x0000028d2c559198] = 680
 constants      [0x0000028d2c5591a0,0x0000028d2c5591c0] = 32
 main code      [0x0000028d2c5591c0,0x0000028d2c55afe8] = 7720
 stub code      [0x0000028d2c55afe8,0x0000028d2c55b110] = 296
 oops           [0x0000028d2c55b110,0x0000028d2c55b130] = 32
 metadata       [0x0000028d2c55b130,0x0000028d2c55b308] = 472
 scopes data    [0x0000028d2c55b308,0x0000028d2c55beb8] = 2992
 scopes pcs     [0x0000028d2c55beb8,0x0000028d2c55c428] = 1392
 dependencies   [0x0000028d2c55c428,0x0000028d2c55c478] = 80
 handler table  [0x0000028d2c55c478,0x0000028d2c55c658] = 480
 nul chk table  [0x0000028d2c55c658,0x0000028d2c55c718] = 192


[Constant Pool]
             Address          hex4                    hex8      
  0x0000028d2c5591a0:   0x00000000      0x3fe0000000000000      
  0x0000028d2c5591a4:   0x3fe00000                              
  0x0000028d2c5591a8:   0xbf800000      0xf4f4f4f4bf800000      
  0x0000028d2c5591ac:   0xf4f4f4f4                              
  0x0000028d2c5591b0:   0xf4f4f4f4      0xf4f4f4f4f4f4f4f4      
  0x0000028d2c5591b4:   0xf4f4f4f4                              
  0x0000028d2c5591b8:   0xf4f4f4f4      0xf4f4f4f4f4f4f4f4      
  0x0000028d2c5591bc:   0xf4f4f4f4                              

[MachCode]
[Entry Point]
  # {method} {0x0000028d8ba78100} 'mouseMoved' '(Ljava/awt/event/MouseEvent;)V' in 'ui/views/P/d'
  # this:     rdx:rdx   = 'ui/views/P/d'
  # parm0:    r8:r8     = 'java/awt/event/MouseEvent'
  #           [sp+0x80]  (sp of caller)
  0x0000028d2c5591c0: ;   {no_reloc}
  0x0000028d2c5591c0: 448b 5208 | 49bb 0000 | 003a 8d02 | 0000 4d03 | d349 3bc2 

  0x0000028d2c5591d4: ;   {runtime_call ic_miss_stub}
  0x0000028d2c5591d4: 0f85 a655 | ecfe 6690 | 0f1f 4000 
[Verified Entry Point]
  0x0000028d2c5591e0: 8984 2400 | 80ff ff55 | 4883 ec70 | 4181 7f20 | a300 0000 | 0f85 e41d | 0000 448b | 4a0c 448b 
  0x0000028d2c559200: 5210 4585 | d20f 84ba | 1200 0047 | 8b8c ccec | 0100 0041 | 8b40 3466 | 0f1f 8400 | 0000 0000 
  0x0000028d2c559220: ; implicit exception: dispatches to 0x0000028d2c55aa88
  0x0000028d2c559220: 438b 8ccc | 0c02 0000 

  0x0000028d2c559228: ; implicit exception: dispatches to 0x0000028d2c55aa9c
  0x0000028d2c559228: 458b 9ccc | 7001 0000 

  0x0000028d2c559230: ; implicit exception: dispatches to 0x0000028d2c55aac0
  0x0000028d2c559230: 438b 4cdc | 244b 8d1c | d44b 8d3c | cc66 6690 | 85c9 0f8c | d110 0000 | 85c9 0f84 | 6713 0000 
  0x0000028d2c559250: 4c89 4424 | 2844 8954 | 2420 4489 | 4c24 3048 | 895c 2438 | 4889 7c24 | 403d 0000 | 0080 7507 
  0x0000028d2c559270: 33d2 83f9 | ff74 0399 | f7f9 448b | 5424 3043 | 0384 d464 | 0100 004c | 8b54 2428 | 458b 5230 
  0x0000028d2c559290: 4489 5424 | 3445 33db | 4533 c041 | 3bc3 410f | 4cc0 8944 | 2448 488b | 5424 4044 | 8bc0 458b 
  0x0000028d2c5592b0: ;   {optimized virtual_call}
  0x0000028d2c5592b0: ca66 90e8 

  0x0000028d2c5592b4: ; ImmutableOopMap {[32]=NarrowOop [40]=Oop [48]=NarrowOop [56]=Oop [64]=Oop }
                      ;*invokevirtual xToOffset {reexecute=0 rethrow=0 return_oop=0}
                      ; - com.jidesoft.editor.CodeEditor::xToColumn@3
                      ; - ui.views.P.a::a@22 (line 721)
                      ; - ui.views.P.d::mouseMoved@9 (line 239)
  0x0000028d2c5592b4: a8a4 3b00 

  0x0000028d2c5592b8: ;   {other}
  0x0000028d2c5592b8: 0f1f 8400 | 2805 0000 | 8944 244c 

  0x0000028d2c5592c4: ;   {oop(a 'java/lang/Class'{0x00000007029176e0} = 'com/jidesoft/editor/SyntaxDocument')}
  0x0000028d2c5592c4: 49ba e076 | 9102 0700 | 0000 458b | 5270 4489 | 5424 5048 | 8b54 2440 

  0x0000028d2c5592dc: ;   {optimized virtual_call}
  0x0000028d2c5592dc: 448b c0e8 

  0x0000028d2c5592e0: ; ImmutableOopMap {[32]=NarrowOop [40]=Oop [48]=NarrowOop [56]=Oop [64]=Oop [80]=NarrowOop }
                      ;*invokevirtual offsetToViewPosition {reexecute=0 rethrow=0 return_oop=1}
                      ; - com.jidesoft.editor.CodeEditor::xToColumn@14
                      ; - ui.views.P.a::a@22 (line 721)
                      ; - ui.views.P.d::mouseMoved@9 (line 239)
  0x0000028d2c5592e0: 1c6f c1ff 

  0x0000028d2c5592e4: ;   {other}
  0x0000028d2c5592e4: 0f1f 8400 | 5405 0001 

  0x0000028d2c5592ec: ; implicit exception: dispatches to 0x0000028d2c55aae4
  0x0000028d2c5592ec: 448b 5810 | 4489 5c24 | 5448 8b54 | 2440 448b 

  0x0000028d2c5592fc: ;   {optimized virtual_call}
  0x0000028d2c5592fc: 4424 4ce8 

  0x0000028d2c559300: ; ImmutableOopMap {[32]=NarrowOop [40]=Oop [48]=NarrowOop [56]=Oop [64]=Oop [80]=NarrowOop }
                      ;*invokevirtual offsetToX {reexecute=0 rethrow=0 return_oop=0}
                      ; - com.jidesoft.editor.CodeEditor::xToColumn@26
                      ; - ui.views.P.a::a@22 (line 721)
                      ; - ui.views.P.d::mouseMoved@9 (line 239)
  0x0000028d2c559300: 7c03 1400 

  0x0000028d2c559304: ;   {other}
  0x0000028d2c559304: 0f1f 8400 | 7405 0002 | 8b6c 2450 | 85ed 0f85 | 5812 0000 | 448b d00f | 1f44 0000 | 3b44 2434 
  0x0000028d2c559324: 0f8d 9800 | 0000 448b | 4c24 3047 | 8b9c cc0c | 0200 0066 | 0f1f 8400 | 0000 0000 

  0x0000028d2c559340: ; implicit exception: dispatches to 0x0000028d2c55ab2c
  0x0000028d2c559340: 438b acdc | 7001 0000 

  0x0000028d2c559348: ; implicit exception: dispatches to 0x0000028d2c55ab6c
  0x0000028d2c559348: 458b 5cec | 3c43 8b4c | dc0c 83f9 | 200f 8685 | 1100 00c4 | 817a 1084 | dc90 0000 

  0x0000028d2c559364: ;   {section_word}
  0x0000028d2c559364: 00c5 f82e | 053b feff | ff7a 060f | 8430 0e00 | 00c5 fa5a 

  0x0000028d2c559378: ;   {section_word}
  0x0000028d2c559378: c0c5 fb58 | 051f feff | ffc5 7b2c | c041 81f8 | 0000 0080 | 0f84 371c | 0000 4585 | c00f 8e8a 
  0x0000028d2c559398: 1200 008b | 4424 3441 | 2bc2 3d00 | 0000 8075 | 0833 d241 | 83f8 ff74 | 0499 41f7 | f803 4424 
  0x0000028d2c5593b8: 5489 4424 | 5444 894c | 2430 488b | 5424 4044 | 8b44 2448 

  0x0000028d2c5593cc: ;   {optimized virtual_call}
  0x0000028d2c5593cc: 6666 90e8 

  0x0000028d2c5593d0: ; ImmutableOopMap {[32]=NarrowOop [40]=Oop [48]=NarrowOop [56]=Oop [64]=Oop }
                      ;*invokevirtual getLineText {reexecute=0 rethrow=0 return_oop=1}
                      ; - ui.views.P.a::a@30 (line 722)
                      ; - ui.views.P.d::mouseMoved@9 (line 239)
  0x0000028d2c5593d0: ec72 a700 

  0x0000028d2c5593d4: ;   {other}
  0x0000028d2c5593d4: 0f1f 8400 | 4406 0003 | 448b 5c24 | 5445 85db | 0f8c a611 | 0000 488b | c88b 5814 

  0x0000028d2c5593f0: ; implicit exception: dispatches to 0x0000028d2c55ab18
  0x0000028d2c5593f0: 458b 54dc | 0c44 0fbe | 4010 c4c2 | 3af7 fa90 | 443b df0f | 8de7 0000 | 0045 85c0 | 0f85 0907 
  0x0000028d2c559410: 0000 498d | 14dc 4585 | d20f 86ac | 0400 0045 | 8bc2 41ff | c845 3bc2 | 0f83 7e12 | 0000 4533 
  0x0000028d2c559430: c041 8bfa | 412b f833 | f645 3bd0 | 0f4c fe81 | ffe8 0300 | 00be e803 | 0000 0f47 | fe41 03f8 
  0x0000028d2c559450: 460f b64c | 0210 4183 | f920 660f | 1f44 0000 | 0f8e 6400 | 0000 453b | c20f 8d5f | 0400 0045 
  0x0000028d2c559470: 3bc2 0f83 | 6c12 0000 | 458b ca41 | 8bf9 412b | f833 db45 | 3bc8 0f4c | fb81 ffe8 | 0300 00be 
  0x0000028d2c559490: e803 0000 | 0f47 fe41 | 8bd9 2bdf | 0f1f 4000 | 420f b67c | 0a0f 83ff | 200f 8f22 | 0400 0041 
  0x0000028d2c5594b0: ffc9 443b | cb7f e949 | 8bbf 5804 

  0x0000028d2c5594bc: ; ImmutableOopMap {rcx=Oop rdx=Oop [32]=NarrowOop [40]=Oop [48]=NarrowOop [56]=Oop [64]=Oop }
                      ;*goto {reexecute=1 rethrow=0 return_oop=0}
                      ; - (reexecute) java.lang.StringLatin1::trim@50 (line 577)
                      ; - java.lang.String::trim@11 (line 3775)
                      ; - ui.views.P.a::a@52 (line 723)
                      ; - ui.views.P.d::mouseMoved@9 (line 239)
                      ;   {poll}
  0x0000028d2c5594bc: 0000 8507 | 453b c87f | b6e9 0704 | 0000 41ff | c044 3bc7 | 0f8c 7aff | ffff 498b | bf58 0400 
  0x0000028d2c5594dc: ; ImmutableOopMap {r9=Oop rcx=Oop rbx=NarrowOop rdx=Oop [32]=NarrowOop [40]=Oop [48]=NarrowOop [56]=Oop [64]=Oop }
                      ;*goto {reexecute=1 rethrow=0 return_oop=0}
                      ; - (reexecute) java.lang.StringLatin1::trim@25 (line 574)
                      ; - java.lang.String::trim@11 (line 3775)
                      ; - ui.views.P.a::a@52 (line 723)
                      ; - ui.views.P.d::mouseMoved@9 (line 239)
  0x0000028d2c5594dc: 004c 8bc9 

  0x0000028d2c5594e0: ;   {poll}
  0x0000028d2c5594e0: 8507 453b | c20f 8c46 | ffff ffe9 | de03 0000 

  0x0000028d2c5594f0: ;   {oop(a 'java/lang/Class'{0x0000000702f3ac08} = 'ui/utils/swing/H')}
  0x0000028d2c5594f0: 49ba 08ac | f302 0700 | 0000 458b | 4a74 6690 | 4585 c90f | 8407 1000 | 004b 8d0c | cc48 8d5c 
  0x0000028d2c559510: 2460 488b | 01a8 020f | 8523 0000 | 0048 83c8 | 0148 8903 | f048 0fb1 | 190f 8437 | 0000 0048 
  0x0000028d2c559530: 2bc4 4825 | 07f0 ffff | 4889 03e9 | 2400 0000 | 4c8b d048 | 33c0 f04d | 0fb1 7a3e | 48c7 0303 
  0x0000028d2c559550: 0000 0074 | 114c 3bf8 | 7515 49ff | 8286 0000 | 0048 33c0 | 7509 49ff | 8750 0500 | 0033 c00f 
  0x0000028d2c559570: 85af 0f00 

  0x0000028d2c559574: ;   {oop(a 'java/lang/Class'{0x0000000702f3ac08} = 'ui/utils/swing/H')}
  0x0000028d2c559574: 0049 ba08 | acf3 0207 | 0000 0045 | 8b52 7447 | 8b44 d408 

  0x0000028d2c559588: ;   {metadata('java/util/HashMap')}
  0x0000028d2c559588: 4181 f8b0 | cb08 000f | 85bc 0f00 | 0049 c1e2 | 0345 8b42 | 2466 6690 | 4585 c00f | 84d8 0000 
  0x0000028d2c5595a8: 0047 8b54 | c40c 4585 | d20f 86d9 | 1000 004c | 8b5c 2440 | 498b 1b4b | 8d3c c44c | 8bc3 4983 
  0x0000028d2c5595c8: e003 41ff | ca49 83f8 | 010f 855f | 0c00 0048 | c1eb 088b | c325 ffff | ff7f 85c0 | 0f84 4c0c 
  0x0000028d2c5595e8: 0000 448b | c041 c1e8 | 1044 33c0 | 4523 d046 | 8b54 9710 | 0f1f 4000 | 4585 d20f | 8478 0000 
  0x0000028d2c559608: 0043 8b5c | d40c 4b8d | 14d4 413b | d80f 8420 | 0100 008b | 6c24 3043 | 8b5c d418 | 85db 0f84 
  0x0000028d2c559628: 5500 0000 | 478b 54d4 

  0x0000028d2c559630: ;   {metadata('java/util/HashMap$TreeNode')}
  0x0000028d2c559630: 0841 81fa | 6027 1a00 | 0f85 3a0a | 0000 4889 | 4c24 2844 | 894c 2430 | 4c89 5c24 | 204d 8bcb 
  0x0000028d2c559650: ;   {optimized virtual_call}
  0x0000028d2c559650: 6666 90e8 

  0x0000028d2c559654: ; ImmutableOopMap {rbp=NarrowOop [32]=Oop [40]=Oop [48]=NarrowOop }
                      ;*invokevirtual getTreeNode {reexecute=0 rethrow=0 return_oop=1}
                      ; - java.util.HashMap::getNode@95 (line 582)
                      ; - java.util.HashMap::get@2 (line 564)
                      ; - ui.utils.swing.H::ao@10 (line 315)
                      ; - ui.views.P.a::a@62 (line 724)
                      ; - ui.views.P.d::mouseMoved@9 (line 239)
  0x0000028d2c559654: 2854 ecfe 

  0x0000028d2c559658: ;   {other}
  0x0000028d2c559658: 0f1f 8400 | c808 0006 | 4885 c074 | 1748 8bd0 | 4c8b 5c24 | 2044 8b4c | 2430 488b | 4c24 28e9 
  0x0000028d2c559678: d000 0000 | 488b 4c24 | 2848 8d44 | 2460 4883 | 3800 0f84 | 7900 0000 | 4c8b 1141 | f6c2 020f 
  0x0000028d2c559698: 8462 0000 | 0049 83ba | 8600 0000 | 0074 0949 | ff8a 8600 | 0000 eb4b | 498b 8296 | 0000 0049 
  0x0000028d2c5596b8: 0b82 8e00 | 0000 750a | 49c7 423e | 0000 0000 | eb3d 4983 | ba9e 0000 | 0000 7422 | 4833 c049 
  0x0000028d2c5596d8: c742 3e00 | 0000 00f0 | 8304 2400 | 4983 ba9e | 0000 0000 | 750d f04d | 0fb1 7a3e | 7505 83c8 
  0x0000028d2c5596f8: 01eb 0ca8 | 00eb 084c | 8b10 f04c | 0fb1 1175 | 0a49 ff8f | 5005 0000 | 4533 d20f | 84ef 0300 
  0x0000028d2c559718: 0048 8d54 | 2460 4d8b | c749 bac0 | c4de 62fe | 7f00 0041 

  0x0000028d2c55972c: ;   {other}
  0x0000028d2c55972c: ffd2 0f1f | 8400 0000 | 0000 e9cd | 0300 0043 | 8b7c d410 | 8b6c 2430 | 3bfd 0f85 | 0808 0000 
  0x0000028d2c55974c: 448b 5214 | 4585 d20f | 8428 ffff | ff47 8b44 | d408 6690 

  0x0000028d2c559760: ;   {metadata('ui/utils/c/a/a')}
  0x0000028d2c559760: 4181 f880 | e814 010f | 8583 1200 | 0049 c1e2 | 0345 8b42 | 0c43 8b5c | c408 660f | 1f44 0000 
  0x0000028d2c559780: ;   {metadata('de/javasoft/plaf/synthetica/Popup')}
  0x0000028d2c559780: 81fb 80e2 | 2d01 0f85 | 9c12 0000 | 4889 4c24 | 2844 894c | 2438 4c89 | 5c24 3089 | 6c24 244b 
  0x0000028d2c5597a0: ;   {optimized virtual_call}
  0x0000028d2c5597a0: 8d14 c4e8 

  0x0000028d2c5597a4: ; ImmutableOopMap {[36]=NarrowOop [40]=Oop [48]=Oop [56]=NarrowOop }
                      ;*invokevirtual hide {reexecute=0 rethrow=0 return_oop=0}
                      ; - ui.utils.swing.H::ao@31 (line 318)
                      ; - ui.views.P.a::a@62 (line 724)
                      ; - ui.views.P.d::mouseMoved@9 (line 239)
  0x0000028d2c5597a4: 7850 22f9 

  0x0000028d2c5597a8: ;   {other}
  0x0000028d2c5597a8: 0f1f 8400 | 180a 0007 

  0x0000028d2c5597b0: ;   {oop(a 'java/lang/Class'{0x0000000702f3ac08} = 'ui/utils/swing/H')}
  0x0000028d2c5597b0: 49ba 08ac | f302 0700 | 0000 458b | 5a74 6690 

  0x0000028d2c5597c0: ; implicit exception: dispatches to 0x0000028d2c55ac30
  0x0000028d2c5597c0: 478b 54dc 

  0x0000028d2c5597c4: ;   {metadata('java/util/HashMap')}
  0x0000028d2c5597c4: 0841 81fa | b0cb 0800 | 0f85 0e0e | 0000 4c8b | 4c24 304d | 8b11 4b8d | 14dc 4d8b | da49 83e3 
  0x0000028d2c5597e4: 0349 83fb | 010f 8596 | 0a00 0049 | c1ea 0841 | 8bc2 25ff | ffff 7f85 | c066 6690 | 0f84 7f0a 
  0x0000028d2c559804: 0000 448b | c041 c1e8 | 1044 33c0 | 33ff 33f6 | b901 0000 

  0x0000028d2c559818: ;   {optimized virtual_call}
  0x0000028d2c559818: 0066 90e8 

  0x0000028d2c55981c: ; ImmutableOopMap {[40]=Oop }
                      ;*invokevirtual removeNode {reexecute=0 rethrow=0 return_oop=1}
                      ; - java.util.HashMap::remove@9 (line 805)
                      ; - ui.utils.swing.H::ao@38 (line 319)
                      ; - ui.views.P.a::a@62 (line 724)
                      ; - ui.views.P.d::mouseMoved@9 (line 239)
  0x0000028d2c55981c: a058 64ff 

  0x0000028d2c559820: ;   {other}
  0x0000028d2c559820: 0f1f 8400 | 900a 0008 | 4c8b 5c24 | 2848 8d44 | 2460 4883 | 3800 0f84 | 7900 0000 | 4d8b 1341 
  0x0000028d2c559840: f6c2 020f | 8462 0000 | 0049 83ba | 8600 0000 | 0074 0949 | ff8a 8600 | 0000 eb4b | 498b 8296 
  0x0000028d2c559860: 0000 0049 | 0b82 8e00 | 0000 750a | 49c7 423e | 0000 0000 | eb3d 4983 | ba9e 0000 | 0000 7422 
  0x0000028d2c559880: 4833 c049 | c742 3e00 | 0000 00f0 | 8304 2400 | 4983 ba9e | 0000 0000 | 750d f04d | 0fb1 7a3e 
  0x0000028d2c5598a0: 7505 83c8 | 01eb 0ca8 | 00eb 084c | 8b10 f04d | 0fb1 1375 | 0a49 ff8f | 5005 0000 | 4533 d290 
  0x0000028d2c5598c0: 0f85 360d | 0000 e93d | 0200 0045 | 33c0 458b | ca45 85c0 | 0f8f 8b06 | 0000 660f | 1f44 0000 
  0x0000028d2c5598e0: 453b ca0f | 8c7c 0600 | 0033 c048 | 85c0 7503 | 488b c18b | 7814 6666 | 0f1f 8400 | 0000 0000 
  0x0000028d2c559900: ; implicit exception: dispatches to 0x0000028d2c55ac04
  0x0000028d2c559900: 458b 54fc | 0c45 85d2 | 0f86 e2fb | ffff 440f | be40 10c4 | 423a f7ca | 4585 c90f 

  0x0000028d2c55991c: ;   {no_reloc}
  0x0000028d2c55991c: 1f44 0000 | 0f8e cafb | ffff 4963 | da49 63d1 | 48ff ca48 | 3bd3 0f83 | 180d 0000 | 498d 1cfc 
  0x0000028d2c55993c: 0f1f 4000 | 4585 c00f | 8544 0600 | 0033 ff8b | d744 0fb6 

  0x0000028d2c559950: ;   {oop([I{0x0000000701e66370})}
  0x0000028d2c559950: 5413 1049 | b870 63e6 | 0107 0000 | 0047 8b54 | 9010 4183 | e21f 41b8 | 0070 0000 | c442 2af7 
  0x0000028d2c559970: d041 f6c2 | 010f 8441 | 0000 0045 | 8bc1 442b | c733 f644 | 3bcf 440f | 4cc6 4181 | f8e8 0300 
  0x0000028d2c559990: 0041 bae8 | 0300 0045 | 0f47 c244 | 03c7 ffc2 | 413b d07c | a84d 8b97 

  0x0000028d2c5599a8: ; ImmutableOopMap {rcx=Oop rbx=Oop rax=Oop [32]=NarrowOop [40]=Oop [48]=NarrowOop [56]=Oop [64]=Oop }
                      ;*goto {reexecute=1 rethrow=0 return_oop=0}
                      ; - (reexecute) ui.utils.ar::ajT@26 (line 3052)
                      ; - ui.utils.ar::kS@12 (line 2973)
                      ; - ui.views.P.a::a@55 (line 723)
                      ; - ui.views.P.d::mouseMoved@9 (line 239)
  0x0000028d2c5599a8: 5804 0000 

  0x0000028d2c5599ac: ;   {poll}
  0x0000028d2c5599ac: 4185 0241 | 3bd1 0f8d | 38fb ffff | 8bfa eb8f | 8b5c 2430 | 458b 84dc | 1c02 0000 

  0x0000028d2c5599c8: ; implicit exception: dispatches to 0x0000028d2c55ac50
  0x0000028d2c5599c8: 478b 44c4 | 6444 8b4c | 2420 478b | 4ccc 6466 | 0f1f 8400 | 0000 0000 

  0x0000028d2c5599e0: ; implicit exception: dispatches to 0x0000028d2c55ac64
  0x0000028d2c5599e0: 478b 54c4 

  0x0000028d2c5599e4: ;   {metadata('ui/views/W/a/az')}
  0x0000028d2c5599e4: 0841 81fa | 70d8 6901 | 0f85 be0f | 0000 4b8b | 54cc 104c | 8bc1 458b | cbbf 0100 

  0x0000028d2c559a00: ;   {static_call}
  0x0000028d2c559a00: 0000 90e8 

  0x0000028d2c559a04: ; ImmutableOopMap {[40]=Oop [48]=NarrowOop [64]=Oop }
                      ;*invokestatic SimulationExecutive_getCodeTooltipValue {reexecute=0 rethrow=0 return_oop=1}
                      ; - ui.views.P.c.a::w@7 (line 547)
                      ; - ui.views.P.a::a@78 (line 728)
                      ; - ui.views.P.d::mouseMoved@9 (line 239)
  0x0000028d2c559a04: 582f 6300 

  0x0000028d2c559a08: ;   {other}
  0x0000028d2c559a08: 0f1f 8400 | 780c 000a | 4885 c00f | 842c 0100 | 008b 4814 | 0f1f 4000 

  0x0000028d2c559a20: ; implicit exception: dispatches to 0x0000028d2c55acb8
  0x0000028d2c559a20: 418b 5ccc | 0c85 db0f | 8618 0100 | 000f be50 | 104c 8bc0 | c462 6af7 | cb45 85c9 | 0f1f 4000 
  0x0000028d2c559a40: 0f8e ff00 | 0000 4c63 | d34d 63d9 | 49ff cb4d | 3bda 0f83 | cc0c 0000 | 48c1 e103 | 0f1f 4000 
  0x0000028d2c559a60: 85d2 0f85 | 4f06 0000 | 4533 d241 | 8bd2 440f | b65c 1110 

  0x0000028d2c559a74: ;   {oop([I{0x0000000701e66370})}
  0x0000028d2c559a74: 48bb 7063 | e601 0700 | 0000 428b | 5c9b 1083 | e31f 41bb | 0070 0000 | c4c2 62f7 | dbf6 c301 
  0x0000028d2c559a94: 0f84 4800 | 0000 458b | d945 2bda | 33db 453b | ca44 0f4c | db41 81fb | e803 0000 | bfe8 0300 
  0x0000028d2c559ab4: 0044 0f47 | df45 03da | ffc2 6690 | 413b d37c | a94d 8b97 

  0x0000028d2c559ac8: ; ImmutableOopMap {r8=Oop rcx=Oop [40]=Oop [48]=NarrowOop [64]=Oop }
                      ;*goto {reexecute=1 rethrow=0 return_oop=0}
                      ; - (reexecute) ui.utils.ar::ajT@26 (line 3052)
                      ; - ui.utils.ar::kS@12 (line 2973)
                      ; - ui.views.P.a::a@85 (line 729)
                      ; - ui.views.P.d::mouseMoved@9 (line 239)
  0x0000028d2c559ac8: 5804 0000 

  0x0000028d2c559acc: ;   {poll}
  0x0000028d2c559acc: 4185 0241 | 3bd1 0f8d | 6d00 0000 | 448b d20f | 1f44 0000 | eb89 4c8b | 5424 2841 | 8b7a 3c45 
  0x0000028d2c559aec: 8b4a 3883 | c705 4183 | c10a 488b 

  0x0000028d2c559af8: ;   {static_call}
  0x0000028d2c559af8: 5424 40e8 

  0x0000028d2c559afc: ; ImmutableOopMap {}
                      ;*invokestatic a {reexecute=0 rethrow=0 return_oop=0}
                      ; - ui.views.P.a::a@112 (line 733)
                      ; - ui.views.P.d::mouseMoved@9 (line 239)
  0x0000028d2c559afc: 80eb 79f9 

  0x0000028d2c559b00: ;   {other}
  0x0000028d2c559b00: 0f1f 8400 | 700d 000c | 4883 c470 

  0x0000028d2c559b0c: ;   {poll_return}
  0x0000028d2c559b0c: 5d49 3ba7 | 5004 0000 | 0f87 9914 | 0000 c348 | 8944 2448 | 488b d348 | c1e2 0348 

  0x0000028d2c559b28: ;   {static_call}
  0x0000028d2c559b28: 8be8 90e8 

  0x0000028d2c559b2c: ; ImmutableOopMap {rbp=Oop [32]=NarrowOop [40]=Oop [48]=NarrowOop [56]=Oop [64]=Oop [72]=Oop }
                      ;*invokestatic trim {reexecute=0 rethrow=0 return_oop=1}
                      ; - java.lang.String::trim@21 (line 3776)
                      ; - ui.views.P.a::a@52 (line 723)
                      ; - ui.views.P.d::mouseMoved@9 (line 239)
  0x0000028d2c559b2c: 5055 ecfe 

  0x0000028d2c559b30: ;   {other}
  0x0000028d2c559b30: 0f1f 8400 | a00d 000d | 448b 5c24 | 5448 8bcd | e9a6 fdff 

  0x0000028d2c559b44: ;   {oop(a 'java/lang/Class'{0x0000000702f3ac08} = 'ui/utils/swing/H')}
  0x0000028d2c559b44: ff49 ba08 | acf3 0207 | 0000 0041 | 8b4a 7485 | c90f 84f5 | 0b00 0049 | 8d3c cc48 | 8d5c 2460 
  0x0000028d2c559b64: 488b 07a8 | 020f 8523 | 0000 0048 | 83c8 0148 | 8903 f048 | 0fb1 1f0f | 8437 0000 | 0048 2bc4 
  0x0000028d2c559b84: 4825 07f0 | ffff 4889 | 03e9 2400 | 0000 4c8b | d048 33c0 | f04d 0fb1 | 7a3e 48c7 | 0303 0000 
  0x0000028d2c559ba4: 0074 114c | 3bf8 7515 | 49ff 8286 | 0000 0048 | 33c0 7509 | 49ff 8750 | 0500 0033 | c00f 859d 
  0x0000028d2c559bc4: ;   {oop(a 'java/lang/Class'{0x0000000702f3ac08} = 'ui/utils/swing/H')}
  0x0000028d2c559bc4: 0b00 0049 | ba08 acf3 | 0207 0000 | 0041 8b6a | 7445 8b54 | ec08 660f | 1f44 0000 

  0x0000028d2c559be0: ;   {metadata('java/util/HashMap')}
  0x0000028d2c559be0: 4181 fab0 | cb08 000f | 859f 0b00 | 004d 8d14 | ec45 8b42 | 2445 85c0 | 0f84 e500 | 0000 478b 
  0x0000028d2c559c00: 54c4 0c45 | 85d2 0f86 | ac0b 0000 | 4c8b 4c24 | 404d 8b19 | 4b8d 1cc4 | 4d8b c349 | 83e0 0341 
  0x0000028d2c559c20: ffca 4983 | f801 0f85 | 8106 0000 | 49c1 eb08 | 418b c325 | ffff ff7f | 85c0 660f | 1f44 0000 
  0x0000028d2c559c40: 0f84 6706 | 0000 448b | c041 c1e8 | 1044 33c0 | 4523 d042 | 8b5c 9310 | 85db 660f | 1f44 0000 
  0x0000028d2c559c60: 0f84 7d00 | 0000 458b | 5cdc 0c49 | 8d14 dc45 | 3bd8 0f84 | 2d01 0000 | 448b 5c24 | 3041 8b74 
  0x0000028d2c559c80: dc18 85f6 | 0f84 5900 | 0000 418b 

  0x0000028d2c559c8c: ;   {metadata('java/util/HashMap$TreeNode')}
  0x0000028d2c559c8c: 5cdc 0881 | fb60 271a | 000f 855a | 0500 0048 | 897c 2428 | 894c 2430 | 4c89 4c24 | 2041 8beb 
  0x0000028d2c559cac: ;   {optimized virtual_call}
  0x0000028d2c559cac: 6666 90e8 

  0x0000028d2c559cb0: ; ImmutableOopMap {rbp=NarrowOop [32]=Oop [40]=Oop [48]=NarrowOop }
                      ;*invokevirtual getTreeNode {reexecute=0 rethrow=0 return_oop=1}
                      ; - java.util.HashMap::getNode@95 (line 582)
                      ; - java.util.HashMap::get@2 (line 564)
                      ; - ui.utils.swing.H::ao@10 (line 315)
                      ; - ui.views.P.a::a@92 (line 730)
                      ; - ui.views.P.d::mouseMoved@9 (line 239)
  0x0000028d2c559cb0: cc4d ecfe 

  0x0000028d2c559cb4: ;   {other}
  0x0000028d2c559cb4: 0f1f 8400 | 240f 000e | 0f1f 4000 | 4885 c074 | 1948 8bd0 | 448b dd4c | 8b4c 2420 | 8b4c 2430 
  0x0000028d2c559cd4: 488b 7c24 | 28e9 da00 | 0000 488b | 7c24 2848 | 8d44 2460 | 4883 3800 | 0f84 7900 | 0000 4c8b 
  0x0000028d2c559cf4: 1741 f6c2 | 020f 8462 | 0000 0049 | 83ba 8600 | 0000 0074 | 0949 ff8a | 8600 0000 | eb4b 498b 
  0x0000028d2c559d14: 8296 0000 | 0049 0b82 | 8e00 0000 | 750a 49c7 | 423e 0000 | 0000 eb3d | 4983 ba9e | 0000 0000 
  0x0000028d2c559d34: 7422 4833 | c049 c742 | 3e00 0000 | 00f0 8304 | 2400 4983 | ba9e 0000 | 0000 750d | f04d 0fb1 
  0x0000028d2c559d54: 7a3e 7505 | 83c8 01eb | 0ca8 00eb | 084c 8b10 | f04c 0fb1 | 1775 0a49 | ff8f 5005 | 0000 4533 
  0x0000028d2c559d74: d20f 848d | fdff ff48 | 8bcf 488d | 5424 604d | 8bc7 49ba | c0c4 de62 | fe7f 0000 

  0x0000028d2c559d90: ;   {other}
  0x0000028d2c559d90: 41ff d20f | 1f84 0000 | 0000 000f | 1f44 0000 | e963 fdff | ff45 8b54 | dc10 448b | 5c24 3045 
  0x0000028d2c559db0: 3bd3 0f85 | db03 0000 | 8b6a 1485 | ed66 6690 | 0f84 1dff | ffff 458b 

  0x0000028d2c559dc8: ;   {metadata('ui/utils/c/a/a')}
  0x0000028d2c559dc8: 44ec 0841 | 81f8 80e8 | 1401 0f85 | 340c 0000 | 4d8d 14ec | 418b 6a0c 

  0x0000028d2c559de0: ; implicit exception: dispatches to 0x0000028d2c55ace4
  0x0000028d2c559de0: 458b 54ec 

  0x0000028d2c559de4: ;   {metadata('de/javasoft/plaf/synthetica/Popup')}
  0x0000028d2c559de4: 0841 81fa | 80e2 2d01 | 0f85 520c | 0000 4889 | 7c24 2889 | 4c24 244c | 894c 2430 | 4489 5c24 
  0x0000028d2c559e04: 2049 8d14 

  0x0000028d2c559e08: ;   {optimized virtual_call}
  0x0000028d2c559e08: ec66 90e8 

  0x0000028d2c559e0c: ; ImmutableOopMap {[32]=NarrowOop [36]=NarrowOop [40]=Oop [48]=Oop }
                      ;*invokevirtual hide {reexecute=0 rethrow=0 return_oop=0}
                      ; - ui.utils.swing.H::ao@31 (line 318)
                      ; - ui.views.P.a::a@92 (line 730)
                      ; - ui.views.P.d::mouseMoved@9 (line 239)
  0x0000028d2c559e0c: 104a 22f9 

  0x0000028d2c559e10: ;   {other}
  0x0000028d2c559e10: 0f1f 8400 | 8010 000f 

  0x0000028d2c559e18: ;   {oop(a 'java/lang/Class'{0x0000000702f3ac08} = 'ui/utils/swing/H')}
  0x0000028d2c559e18: 49ba 08ac | f302 0700 | 0000 418b | 6a74 458b 

  0x0000028d2c559e28: ;   {metadata('java/util/HashMap')}
  0x0000028d2c559e28: 5cec 0841 | 81fb b0cb | 0800 0f85 | 6c09 0000 | 4c8b 4c24 | 304d 8b19 | 4d8d 14ec | 498b ca4d 
  0x0000028d2c559e48: 8bd3 4983 | e203 4983 | fa01 0f85 | 9b04 0000 | 49c1 eb08 | 418b c325 | ffff ff7f | 85c0 0f84 
  0x0000028d2c559e68: 8704 0000 | 448b c041 | c1e8 1044 | 33c0 488b | d133 ff33 | f6b9 0100 | 0000 488b 

  0x0000028d2c559e84: ;   {optimized virtual_call}
  0x0000028d2c559e84: 6c24 28e8 

  0x0000028d2c559e88: ; ImmutableOopMap {rbp=Oop [40]=Oop }
                      ;*invokevirtual removeNode {reexecute=0 rethrow=0 return_oop=1}
                      ; - java.util.HashMap::remove@9 (line 805)
                      ; - ui.utils.swing.H::ao@38 (line 319)
                      ; - ui.views.P.a::a@92 (line 730)
                      ; - ui.views.P.d::mouseMoved@9 (line 239)
  0x0000028d2c559e88: 3452 64ff 

  0x0000028d2c559e8c: ;   {other}
  0x0000028d2c559e8c: 0f1f 8400 | fc10 0010 | 4c8b dd48 | 8d44 2460 | 4883 3800 | 0f84 7900 | 0000 4d8b | 1341 f6c2 
  0x0000028d2c559eac: 020f 8462 | 0000 0049 | 83ba 8600 | 0000 0074 | 0949 ff8a | 8600 0000 | eb4b 498b | 8296 0000 
  0x0000028d2c559ecc: 0049 0b82 | 8e00 0000 | 750a 49c7 | 423e 0000 | 0000 eb3d | 4983 ba9e | 0000 0000 | 7422 4833 
  0x0000028d2c559eec: c049 c742 | 3e00 0000 | 00f0 8304 | 2400 4983 | ba9e 0000 | 0000 750d | f04d 0fb1 | 7a3e 7505 
  0x0000028d2c559f0c: 83c8 01eb | 0ca8 00eb | 084c 8b10 | f04d 0fb1 | 1375 0a49 | ff8f 5005 | 0000 4533 | d20f 84d9 
  0x0000028d2c559f2c: fbff ff49 | 8bcb 488d | 5424 604d | 8bc7 49ba | c0c4 de62 | fe7f 0000 

  0x0000028d2c559f44: ;   {other}
  0x0000028d2c559f44: 41ff d20f | 1f84 0000 | 0000 00e9 | b4fb ffff | 3bef 0f84 | f0f7 ffff | 0f1f 4000 | e9ba f6ff 
  0x0000028d2c559f64: ff48 894c | 2448 418b | eb45 2bc8 

  0x0000028d2c559f70: ;   {static_call}
  0x0000028d2c559f70: 6666 90e8 

  0x0000028d2c559f74: ; ImmutableOopMap {[32]=NarrowOop [40]=Oop [48]=NarrowOop [56]=Oop [64]=Oop [72]=Oop }
                      ;*invokestatic newString {reexecute=0 rethrow=0 return_oop=1}
                      ; - java.lang.StringLatin1::trim@68 (line 580)
                      ; - java.lang.String::trim@11 (line 3775)
                      ; - ui.views.P.a::a@52 (line 723)
                      ; - ui.views.P.d::mouseMoved@9 (line 239)
  0x0000028d2c559f74: c80f 0e00 

  0x0000028d2c559f78: ;   {other}
  0x0000028d2c559f78: 0f1f 8400 | e811 0011 | 448b dd48 | 8b4c 2448 | e95e f9ff | ff41 d1fa | 4585 d20f | 84b7 0600 
  0x0000028d2c559f98: 004d 63d2 | 0f1f 4000 | 493b d20f | 83a7 0600 | 0045 33c0 | 458b e890 | 460f b754 | 6b10 418b 
  0x0000028d2c559fb8: f241 c1ea | 0866 6690 | 4585 d20f | 85dc 0400 

  0x0000028d2c559fc8: ;   {oop(a 'java/lang/CharacterDataLatin1'{0x0000000701e668f8})}
  0x0000028d2c559fc8: 0048 bdf8 | 68e6 0107 | 0000 0044 | 8b55 0866 | 0f1f 8400 | 0000 0000 

  0x0000028d2c559fe0: ;   {metadata('java/lang/CharacterDataLatin1')}
  0x0000028d2c559fe0: 4181 fa60 | f002 000f | 85b8 0300 | 0044 8bd6 | 4181 fa00 | 0100 000f | 83d7 0700 

  0x0000028d2c559ffc: ;   {oop([I{0x0000000701e66370})}
  0x0000028d2c559ffc: 0049 ba70 | 63e6 0107 | 0000 0041 | 8b54 b210 | 83e2 1fbf | 0070 0000 | c4e2 6af7 | ff0f 1f80 
  0x0000028d2c55a01c: 0000 0000 | 40f6 c701 | 0f84 92f9 | ffff 418b | f141 2bf0 | 4533 d245 | 3bc8 410f | 4cf2 81fe 
  0x0000028d2c55a03c: e803 0000 | 41ba e803 | 0000 410f | 47f2 4103 | f041 8bfd | ffc7 448b | ef3b fe0f | 8c53 ffff 
  0x0000028d2c55a05c: ff4d 8b97 

  0x0000028d2c55a060: ; ImmutableOopMap {rcx=Oop rbx=Oop rax=Oop [32]=NarrowOop [40]=Oop [48]=NarrowOop [56]=Oop [64]=Oop }
                      ;*goto {reexecute=1 rethrow=0 return_oop=0}
                      ; - (reexecute) ui.utils.ar::ajT@26 (line 3052)
                      ; - ui.utils.ar::kS@12 (line 2973)
                      ; - ui.views.P.a::a@55 (line 723)
                      ; - ui.views.P.d::mouseMoved@9 (line 239)
  0x0000028d2c55a060: 5804 0000 

  0x0000028d2c55a064: ;   {poll}
  0x0000028d2c55a064: 4185 0241 | 3bf9 0f8d | 80f4 ffff | 448b c7e9 | 34ff ffff | 498d 14dc | 448b 520c | 453b d075 
  0x0000028d2c55a084: 1644 8b52 | 1044 3bd5 | 0f84 baf6 | ffff 413b | ea0f 84b1 | f6ff ff49 | 8bb7 5804 | 0000 448b 
  0x0000028d2c55a0a4: ; ImmutableOopMap {r10=NarrowOop r11=Oop r9=NarrowOop rcx=Oop rbp=NarrowOop }
                      ;*ifnonnull {reexecute=1 rethrow=0 return_oop=0}
                      ; - (reexecute) java.util.HashMap::getNode@145 (line 587)
                      ; - java.util.HashMap::get@2 (line 564)
                      ; - ui.utils.swing.H::ao@10 (line 315)
                      ; - ui.views.P.a::a@62 (line 724)
                      ; - ui.views.P.d::mouseMoved@9 (line 239)
                      ;   {poll}
  0x0000028d2c55a0a4: 5218 8506 | 4585 d20f | 84d0 f5ff | ff4b 8d14 | d4eb c5d1 | fb85 db0f | 1f44 0000 | 0f84 5e06 
  0x0000028d2c55a0c4: 0000 4c63 | d34d 3bda | 0f83 5206 | 0000 4533 | d241 8bf2 | 0f1f 8400 | 0000 0000 | 440f b75c 
  0x0000028d2c55a0e4: 7110 418b | db41 8bfb | c1ef 0885 | ff0f 85bd 

  0x0000028d2c55a0f4: ;   {oop(a 'java/lang/CharacterDataLatin1'{0x0000000701e668f8})}
  0x0000028d2c55a0f4: 0300 0048 | bdf8 68e6 | 0107 0000 | 0044 8b5d 

  0x0000028d2c55a104: ;   {metadata('java/lang/CharacterDataLatin1')}
  0x0000028d2c55a104: 0841 81fb | 60f0 0200 | 0f85 1303 | 0000 81fb | 0001 0000 | 0f83 fa06 

  0x0000028d2c55a11c: ;   {oop([I{0x0000000701e66370})}
  0x0000028d2c55a11c: 0000 49bb | 7063 e601 | 0700 0000 | 418b 7c9b | 1083 e71f | bb00 7000 | 00c4 6242 | f7db 660f 
  0x0000028d2c55a13c: 1f44 0000 | 41f6 c301 | 0f84 98f9 | ffff 418b | c141 2bc2 | 33ff 453b | ca0f 4cc7 | 3de8 0300 
  0x0000028d2c55a15c: 0041 bbe8 | 0300 0041 | 0f47 c341 | 03c2 8bde | ffc3 8bf3 | 3bd8 0f8c | 68ff ffff | 4d8b 9758 
  0x0000028d2c55a17c: ; ImmutableOopMap {r8=Oop rcx=Oop [40]=Oop [48]=NarrowOop [64]=Oop }
                      ;*goto {reexecute=1 rethrow=0 return_oop=0}
                      ; - (reexecute) ui.utils.ar::ajT@26 (line 3052)
                      ; - ui.utils.ar::kS@12 (line 2973)
                      ; - ui.views.P.a::a@85 (line 729)
                      ; - ui.views.P.d::mouseMoved@9 (line 239)
                      ;   {poll}
  0x0000028d2c55a17c: 0400 0041 | 8502 413b | d90f 8dba | f9ff ff44 | 8bd3 e942 | ffff ff45 | 3bda 0f84 | 1cfc ffff 
  0x0000028d2c55a19c: 0f1f 4000 | e9d8 faff | ff89 4424 | 4c4d 8d14 | ec41 b820 | 0000 0049 | 8bd2 4889 

  0x0000028d2c55a1b8: ;   {optimized virtual_call}
  0x0000028d2c55a1b8: 5424 58e8 

  0x0000028d2c55a1bc: ; ImmutableOopMap {rbp=NarrowOop [32]=NarrowOop [40]=Oop [48]=NarrowOop [56]=Oop [64]=Oop [88]=Oop }
                      ;*invokevirtual handleCharWidth {reexecute=0 rethrow=0 return_oop=0}
                      ; - sun.font.FontDesignMetrics::getLatinCharWidth@16 (line 423)
                      ; - sun.font.FontDesignMetrics::charWidth@9 (line 439)
                      ; - com.jidesoft.editor.CodeEditor::xToColumn@61
                      ; - ui.views.P.a::a@22 (line 721)
                      ; - ui.views.P.d::mouseMoved@9 (line 239)
  0x0000028d2c55a1bc: c048 ecfe 

  0x0000028d2c55a1c0: ;   {other}
  0x0000028d2c55a1c0: 0f1f 8400 | 3014 0015 | 418b 6cec | 3c45 8b54 | ec0c 4183 | fa20 0f86 | 6c06 0000 | c4c1 7a11 
  0x0000028d2c55a1e0: 84ec 9000 | 0000 448b | 4c24 3044 | 8b54 244c | e980 f1ff | ff49 8d14 | f48b 5a0c | 0f1f 4000 
  0x0000028d2c55a200: 413b d875 | 158b 5a10 | 413b db0f | 84a7 fbff | ff44 3bdb | 0f84 9efb | ffff 498b | b758 0400 
  0x0000028d2c55a220: 0044 8b52 

  0x0000028d2c55a224: ; ImmutableOopMap {r10=NarrowOop r11=NarrowOop r9=Oop rcx=NarrowOop rdi=Oop }
                      ;*ifnonnull {reexecute=1 rethrow=0 return_oop=0}
                      ; - (reexecute) java.util.HashMap::getNode@145 (line 587)
                      ; - java.util.HashMap::get@2 (line 564)
                      ; - ui.utils.swing.H::ao@10 (line 315)
                      ; - ui.views.P.a::a@92 (line 730)
                      ; - ui.views.P.d::mouseMoved@9 (line 239)
                      ;   {poll}
  0x0000028d2c55a224: 1885 0645 | 85d2 0f84 | b3fa ffff | 4b8d 14d4 | ebc3 4889 | 7c24 3844 | 8954 2424 | 4889 4c24 
  0x0000028d2c55a244: 2844 894c | 2420 488b | 6c24 4048 | 8b54 2440 

  0x0000028d2c55a254: ;   {optimized virtual_call}
  0x0000028d2c55a254: 6666 90e8 

  0x0000028d2c55a258: ; ImmutableOopMap {rbp=Oop [32]=NarrowOop [40]=Oop [48]=NarrowOop [56]=Oop }
                      ;*invokevirtual hashCode {reexecute=0 rethrow=0 return_oop=0}
                      ; - java.util.HashMap::hash@9 (line 338)
                      ; - java.util.HashMap::getNode@23 (line 576)
                      ; - java.util.HashMap::get@2 (line 564)
                      ; - ui.utils.swing.H::ao@10 (line 315)
                      ; - ui.views.P.a::a@62 (line 724)
                      ; - ui.views.P.d::mouseMoved@9 (line 239)
  0x0000028d2c55a258: e4c3 41ff 

  0x0000028d2c55a25c: ;   {other}
  0x0000028d2c55a25c: 0f1f 8400 | cc14 0017 | 4c8b dd44 | 8b4c 2420 | 488b 4c24 | 2844 8b54 | 2424 488b | 7c24 380f 
  0x0000028d2c55a27c: 1f44 0000 | e965 f3ff | ff48 8954 | 2420 498b | e949 8bd1 

  0x0000028d2c55a290: ;   {optimized virtual_call}
  0x0000028d2c55a290: 6666 90e8 

  0x0000028d2c55a294: ; ImmutableOopMap {rbp=Oop [32]=Oop [40]=Oop }
                      ;*invokevirtual hashCode {reexecute=0 rethrow=0 return_oop=0}
                      ; - java.util.HashMap::hash@9 (line 338)
                      ; - java.util.HashMap::remove@2 (line 805)
                      ; - ui.utils.swing.H::ao@38 (line 319)
                      ; - ui.views.P.a::a@62 (line 724)
                      ; - ui.views.P.d::mouseMoved@9 (line 239)
  0x0000028d2c55a294: e847 ecfe 

  0x0000028d2c55a298: ;   {other}
  0x0000028d2c55a298: 0f1f 8400 | 0815 0018 | 4c8b cd48 | 8b54 2420 | e959 f5ff | ff48 895c | 2438 4489 | 5424 2448 
  0x0000028d2c55a2b8: 897c 2428 | 894c 2420 | 488b 6c24 | 4048 8b54 

  0x0000028d2c55a2c8: ;   {optimized virtual_call}
  0x0000028d2c55a2c8: 2440 90e8 

  0x0000028d2c55a2cc: ; ImmutableOopMap {rbp=Oop [32]=NarrowOop [40]=Oop [48]=NarrowOop [56]=Oop }
                      ;*invokevirtual hashCode {reexecute=0 rethrow=0 return_oop=0}
                      ; - java.util.HashMap::hash@9 (line 338)
                      ; - java.util.HashMap::getNode@23 (line 576)
                      ; - java.util.HashMap::get@2 (line 564)
                      ; - ui.utils.swing.H::ao@10 (line 315)
                      ; - ui.views.P.a::a@92 (line 730)
                      ; - ui.views.P.d::mouseMoved@9 (line 239)
  0x0000028d2c55a2cc: 70c3 41ff 

  0x0000028d2c55a2d0: ;   {other}
  0x0000028d2c55a2d0: 0f1f 8400 | 4015 0019 | 4c8b cd8b | 4c24 2048 | 8b7c 2428 | 448b 5424 | 2448 8b5c | 2438 e953 
  0x0000028d2c55a2f0: f9ff ff48 | 894c 2420 | 498b e949 

  0x0000028d2c55a2fc: ;   {optimized virtual_call}
  0x0000028d2c55a2fc: 8bd1 90e8 

  0x0000028d2c55a300: ; ImmutableOopMap {rbp=Oop [32]=Oop [40]=Oop }
                      ;*invokevirtual hashCode {reexecute=0 rethrow=0 return_oop=0}
                      ; - java.util.HashMap::hash@9 (line 338)
                      ; - java.util.HashMap::remove@2 (line 805)
                      ; - ui.utils.swing.H::ao@38 (line 319)
                      ; - ui.views.P.a::a@92 (line 730)
                      ; - ui.views.P.d::mouseMoved@9 (line 239)
  0x0000028d2c55a300: 3cc3 41ff 

  0x0000028d2c55a304: ;   {other}
  0x0000028d2c55a304: 0f1f 8400 | 7415 001a | 4c8b cd48 | 8b4c 2420 | e953 fbff | ff48 897c | 2440 4889 | 5c24 388b 
  0x0000028d2c55a324: e844 894c | 2430 4489 | 5424 204c | 8944 2428 | 4f8d 14dc | 4489 5c24 | 2449 8bd2 | 4c89 5424 
  0x0000028d2c55a344: ;   {optimized virtual_call}
  0x0000028d2c55a344: 5866 90e8 

  0x0000028d2c55a348: ; ImmutableOopMap {[32]=NarrowOop [36]=NarrowOop [40]=Oop [48]=NarrowOop [56]=Oop [64]=Oop [88]=Oop }
                      ;*invokevirtual getAscent {reexecute=0 rethrow=0 return_oop=0}
                      ; - sun.font.FontDesignMetrics::getHeight@9 (line 606)
                      ; - ui.views.W.a.a::yToLine@9 (line 479)
                      ; - ui.views.P.a::a@10 (line 720)
                      ; - ui.views.P.d::mouseMoved@9 (line 239)
  0x0000028d2c55a348: 3447 ecfe 

  0x0000028d2c55a34c: ;   {other}
  0x0000028d2c55a34c: 0f1f 8400 | bc15 001b | 448b 4c24 | 24c4 817a | 104c cc14 

  0x0000028d2c55a360: ;   {oop(a 'java/lang/Class'{0x0000000702f0eb50} = 'sun/font/FontDesignMetrics')}
  0x0000028d2c55a360: 49ba 50eb | f002 0700 | 0000 c4c1 | 7258 8a90 | 0000 00c4 | 8172 5844 | cc18 c57a | 2cd8 4181 
  0x0000028d2c55a380: fb00 0000 | 800f 8413 | 0c00 0041 | 03c3 4389 | 44cc 2485 | c00f 8409 | 0200 008b | c88b c590 
  0x0000028d2c55a3a0: e9c4 eeff 

  0x0000028d2c55a3a4: ;   {metadata('java/lang/CharacterData00')}
  0x0000028d2c55a3a4: ff41 81fa | c0ea 1a00 | 0f85 3205 | 0000 448b | d641 d1ea | 8bfe c1ff 

  0x0000028d2c55a3bc: ;   {oop([C{0x0000000703ad9858})}
  0x0000028d2c55a3bc: 0548 ba58 | 98ad 0307 | 0000 000f | b76c 7a10 | 4183 e20f | 410b ea81 | fda0 1700 | 000f 838d 
  0x0000028d2c55a3dc: ;   {oop([C{0x00000007026d4570})}
  0x0000028d2c55a3dc: 0400 0049 | ba70 456d | 0207 0000 | 0041 0fb7 | 7c6a 108b | d683 e201 | 448b d744 | 0bd2 418b 
  0x0000028d2c55a3fc: fa66 6690 | 4181 fa20 | 0400 000f | 8393 0400 

  0x0000028d2c55a40c: ;   {oop([I{0x00000007026d34e0})}
  0x0000028d2c55a40c: 0049 bae0 | 346d 0207 | 0000 0041 | 8b54 ba10 | 83e2 1f90 | e9ea fbff 

  0x0000028d2c55a424: ;   {metadata('java/lang/CharacterData00')}
  0x0000028d2c55a424: ff41 81fb | c0ea 1a00 | 0f85 4a05 | 0000 448b | db41 d1eb | 8bd3 c1fa 

  0x0000028d2c55a43c: ;   {oop([C{0x0000000703ad9858})}
  0x0000028d2c55a43c: 0548 bf58 | 98ad 0307 | 0000 000f | b76c 5710 | 4183 e30f | 410b eb81 | fda0 1700 | 000f 83b9 
  0x0000028d2c55a45c: ;   {oop([C{0x00000007026d4570})}
  0x0000028d2c55a45c: 0400 0049 | bb70 456d | 0207 0000 | 0041 0fb7 | 7c6b 1044 | 8bdf 8bfb | 83e7 0144 | 0bdf 418b 
  0x0000028d2c55a47c: db66 6690 | 4181 fb20 | 0400 000f | 83bf 0400 

  0x0000028d2c55a48c: ;   {oop([I{0x00000007026d34e0})}
  0x0000028d2c55a48c: 0049 bbe0 | 346d 0207 | 0000 0041 | 8b7c 9b10 | 83e7 1f90 | e98b fcff 

  0x0000028d2c55a4a4: ;   {oop(a 'java/lang/CharacterData00'{0x00000007022c7b40})}
  0x0000028d2c55a4a4: ff48 bd40 | 7b2c 0207 | 0000 00e9 | 1ffb ffff 

  0x0000028d2c55a4b4: ;   {oop(a 'java/lang/CharacterData00'{0x00000007022c7b40})}
  0x0000028d2c55a4b4: 48bd 407b | 2c02 0700 | 0000 6690 | e93c fcff | ffba f6ff | ffff 498b | e844 894c 

  0x0000028d2c55a4d0: ;   {runtime_call UncommonTrapBlob}
  0x0000028d2c55a4d0: 2420 90e8 

  0x0000028d2c55a4d4: ; ImmutableOopMap {rbp=Oop [32]=NarrowOop }
                      ;*invokevirtual a {reexecute=0 rethrow=0 return_oop=0}
                      ; - ui.views.P.d::mouseMoved@9 (line 239)
  0x0000028d2c55a4d4: 28a1 ecfe 

  0x0000028d2c55a4d8: ;   {other}
  0x0000028d2c55a4d8: 0f1f 8400 | 4817 001c | bae4 ffff | ff48 8944 | 24f8 8b44 | 2430 8944 | 2424 488b | 4424 f889 
  0x0000028d2c55a4f8: 4424 3c44 | 895c 2440 

  0x0000028d2c55a500: ;   {runtime_call UncommonTrapBlob}
  0x0000028d2c55a500: 6666 90e8 

  0x0000028d2c55a504: ; ImmutableOopMap {rbp=NarrowOop [32]=NarrowOop [36]=NarrowOop [40]=Oop [64]=NarrowOop }
                      ;*faload {reexecute=0 rethrow=0 return_oop=0}
                      ; - sun.font.FontDesignMetrics::getLatinCharWidth@5 (line 421)
                      ; - sun.font.FontDesignMetrics::charWidth@9 (line 439)
                      ; - com.jidesoft.editor.CodeEditor::xToColumn@61
                      ; - ui.views.P.a::a@22 (line 721)
                      ; - ui.views.P.d::mouseMoved@9 (line 239)
  0x0000028d2c55a504: f8a0 ecfe 

  0x0000028d2c55a508: ;   {other}
  0x0000028d2c55a508: 0f1f 8400 | 7817 001d | baf6 ffff 

  0x0000028d2c55a514: ;   {runtime_call UncommonTrapBlob}
  0x0000028d2c55a514: ff66 90e8 

  0x0000028d2c55a518: ; ImmutableOopMap {[48]=NarrowOop }
                      ;*monitorenter {reexecute=0 rethrow=0 return_oop=0}
                      ; - ui.utils.swing.H::ao@5 (line 314)
                      ; - ui.views.P.a::a@62 (line 724)
                      ; - ui.views.P.d::mouseMoved@9 (line 239)
  0x0000028d2c55a518: e4a0 ecfe 

  0x0000028d2c55a51c: ;   {other}
  0x0000028d2c55a51c: 0f1f 8400 | 8c17 001e | 4889 4c24 | 2041 8be9 | 488b d14c | 8d44 2460 

  0x0000028d2c55a534: ;   {runtime_call _complete_monitor_locking_Java}
  0x0000028d2c55a534: 6666 90e8 

  0x0000028d2c55a538: ; ImmutableOopMap {rbp=NarrowOop [32]=Oop [48]=NarrowOop [64]=Oop }
                      ;*monitorenter {reexecute=0 rethrow=0 return_oop=0}
                      ; - ui.utils.swing.H::ao@5 (line 314)
                      ; - ui.views.P.a::a@62 (line 724)
                      ; - ui.views.P.d::mouseMoved@9 (line 239)
  0x0000028d2c55a538: c49e f9fe 

  0x0000028d2c55a53c: ;   {other}
  0x0000028d2c55a53c: 0f1f 8400 | ac17 001f | 448b cd48 | 8b4c 2420 | e924 f0ff | ffba deff | ffff 4489 | 5424 2444 
  0x0000028d2c55a55c: 894c 242c 

  0x0000028d2c55a560: ;   {runtime_call UncommonTrapBlob}
  0x0000028d2c55a560: 6666 90e8 

  0x0000028d2c55a564: ; ImmutableOopMap {[36]=NarrowOop [44]=NarrowOop [48]=NarrowOop }
                      ;*invokevirtual get {reexecute=0 rethrow=0 return_oop=0}
                      ; - ui.utils.swing.H::ao@10 (line 315)
                      ; - ui.views.P.a::a@62 (line 724)
                      ; - ui.views.P.d::mouseMoved@9 (line 239)
  0x0000028d2c55a564: 98a0 ecfe 

  0x0000028d2c55a568: ;   {other}
  0x0000028d2c55a568: 0f1f 8400 | d817 0020 | ba45 ffff | ff44 8b54 | 2430 4489 | 5424 2489 

  0x0000028d2c55a580: ;   {runtime_call UncommonTrapBlob}
  0x0000028d2c55a580: 4424 34e8 

  0x0000028d2c55a584: ; ImmutableOopMap {rbp=NarrowOop [32]=NarrowOop [36]=NarrowOop [40]=Oop }
                      ;*ifnonnull {reexecute=1 rethrow=0 return_oop=0}
                      ; - (reexecute) com.jidesoft.editor.CodeEditor::xToColumn@34
                      ; - ui.views.P.a::a@22 (line 721)
                      ; - ui.views.P.d::mouseMoved@9 (line 239)
  0x0000028d2c55a584: 78a0 ecfe 

  0x0000028d2c55a588: ;   {other}
  0x0000028d2c55a588: 0f1f 8400 | f817 0021 | ba45 ffff 

  0x0000028d2c55a594: ;   {runtime_call UncommonTrapBlob}
  0x0000028d2c55a594: ff66 90e8 

  0x0000028d2c55a598: ; ImmutableOopMap {[48]=NarrowOop }
                      ;*iflt {reexecute=1 rethrow=0 return_oop=0}
                      ; - (reexecute) ui.views.P.a::a@37 (line 723)
                      ; - ui.views.P.d::mouseMoved@9 (line 239)
  0x0000028d2c55a598: 64a0 ecfe 

  0x0000028d2c55a59c: ;   {other}
  0x0000028d2c55a59c: 0f1f 8400 | 0c18 0022 | 8bc8 4c8b | 4424 2844 | 8b54 2420 | 448b 4c24 | 308b c5ba | 45ff ffff 
  0x0000028d2c55a5bc: 418b ea4c | 8944 2420 | 4489 4c24 | 2c89 4424 | 3089 4c24 

  0x0000028d2c55a5d0: ;   {runtime_call UncommonTrapBlob}
  0x0000028d2c55a5d0: 3466 90e8 

  0x0000028d2c55a5d4: ; ImmutableOopMap {rbp=NarrowOop [32]=Oop [44]=NarrowOop }
                      ;*ifne {reexecute=1 rethrow=0 return_oop=0}
                      ; - (reexecute) ui.views.W.a.a::yToLine@14 (line 481)
                      ; - ui.views.P.a::a@10 (line 720)
                      ; - ui.views.P.d::mouseMoved@9 (line 239)
  0x0000028d2c55a5d4: 28a0 ecfe 

  0x0000028d2c55a5d8: ;   {other}
  0x0000028d2c55a5d8: 0f1f 8400 | 4818 0023 | bade ffff | ff8b 6c24 | 3844 895c 

  0x0000028d2c55a5ec: ;   {runtime_call UncommonTrapBlob}
  0x0000028d2c55a5ec: 2420 90e8 

  0x0000028d2c55a5f0: ; ImmutableOopMap {rbp=NarrowOop [32]=NarrowOop [36]=NarrowOop }
                      ;*invokevirtual remove {reexecute=0 rethrow=0 return_oop=0}
                      ; - ui.utils.swing.H::ao@38 (line 319)
                      ; - ui.views.P.a::a@62 (line 724)
                      ; - ui.views.P.d::mouseMoved@9 (line 239)
  0x0000028d2c55a5f0: 0ca0 ecfe 

  0x0000028d2c55a5f4: ;   {other}
  0x0000028d2c55a5f4: 0f1f 8400 | 6418 0024 | 498b cb48 | 8d54 2460 | 4d8b c749 | bac0 c4de | 62fe 7f00 | 0041 ffd2 
  0x0000028d2c55a614: ;   {other}
  0x0000028d2c55a614: 0f1f 8400 | 0000 0000 | 0f1f 4000 | e9e3 f4ff | ffba 45ff | ffff 8b6c | 2420 4c8b | 5424 284c 
  0x0000028d2c55a634: 8954 2420 | 4489 4c24 | 2844 8944 

  0x0000028d2c55a640: ;   {runtime_call UncommonTrapBlob}
  0x0000028d2c55a640: 2434 90e8 

  0x0000028d2c55a644: ; ImmutableOopMap {rbp=NarrowOop [32]=Oop [40]=NarrowOop }
                      ;*ifle {reexecute=1 rethrow=0 return_oop=0}
                      ; - (reexecute) com.jidesoft.editor.CodeEditor::xToColumn@72
                      ; - ui.views.P.a::a@22 (line 721)
                      ; - ui.views.P.d::mouseMoved@9 (line 239)
  0x0000028d2c55a644: b89f ecfe 

  0x0000028d2c55a648: ;   {other}
  0x0000028d2c55a648: 0f1f 8400 | b818 0025 | babe ffff | ff8b 6c24 | 204c 8b54 | 2428 4c89 | 5424 2044 | 8b54 2430 
  0x0000028d2c55a668: 4489 5424 | 2844 895c | 242c 4889 | 4c24 3048 | 8944 2438 | 4489 4c24 

  0x0000028d2c55a680: ;   {runtime_call UncommonTrapBlob}
  0x0000028d2c55a680: 4066 90e8 

  0x0000028d2c55a684: ; ImmutableOopMap {rbp=NarrowOop [32]=Oop [40]=NarrowOop [48]=Oop [56]=Oop }
                      ;*if_icmpge {reexecute=1 rethrow=0 return_oop=0}
                      ; - (reexecute) ui.utils.ar::ajT@7 (line 3052)
                      ; - ui.utils.ar::kS@12 (line 2973)
                      ; - ui.views.P.a::a@55 (line 723)
                      ; - ui.views.P.d::mouseMoved@9 (line 239)
  0x0000028d2c55a684: 789f ecfe 

  0x0000028d2c55a688: ;   {other}
  0x0000028d2c55a688: 0f1f 8400 | f818 0026 | ba45 ffff | ff44 894c | 2424 4489 

  0x0000028d2c55a69c: ;   {runtime_call UncommonTrapBlob}
  0x0000028d2c55a69c: 5424 28e8 

  0x0000028d2c55a6a0: ; ImmutableOopMap {[36]=NarrowOop [48]=NarrowOop }
                      ;*ifle {reexecute=1 rethrow=0 return_oop=0}
                      ; - (reexecute) java.util.HashMap::getNode@14 (line 575)
                      ; - java.util.HashMap::get@2 (line 564)
                      ; - ui.utils.swing.H::ao@10 (line 315)
                      ; - ui.views.P.a::a@62 (line 724)
                      ; - ui.views.P.d::mouseMoved@9 (line 239)
  0x0000028d2c55a6a0: 5c9f ecfe 

  0x0000028d2c55a6a4: ;   {other}
  0x0000028d2c55a6a4: 0f1f 8400 | 1419 0027 | ba76 ffff | ff8b 6c24 | 204c 8b44 | 2428 4c89 | 4424 2044 | 8b4c 2430 
  0x0000028d2c55a6c4: 4489 4c24 | 2848 8944 | 2438 895c | 2440 4489 

  0x0000028d2c55a6d4: ;   {runtime_call UncommonTrapBlob}
  0x0000028d2c55a6d4: 5424 48e8 

  0x0000028d2c55a6d8: ; ImmutableOopMap {rbp=NarrowOop [32]=Oop [40]=NarrowOop [56]=Oop [64]=NarrowOop }
                      ;*if_icmpge {reexecute=1 rethrow=0 return_oop=0}
                      ; - (reexecute) java.lang.StringLatin1::trim@7 (line 573)
                      ; - java.lang.String::trim@11 (line 3775)
                      ; - ui.views.P.a::a@52 (line 723)
                      ; - ui.views.P.d::mouseMoved@9 (line 239)
  0x0000028d2c55a6d8: 249f ecfe 

  0x0000028d2c55a6dc: ;   {other}
  0x0000028d2c55a6dc: 0f1f 8400 | 4c19 0028 | ba76 ffff | ff8b 6c24 | 204c 8b4c | 2428 4c89 | 4c24 208b | 7c24 3089 
  0x0000028d2c55a6fc: 7c24 2844 | 895c 242c | 4889 4c24 | 3889 5c24 | 4044 8944 | 244c 4489 

  0x0000028d2c55a714: ;   {runtime_call UncommonTrapBlob}
  0x0000028d2c55a714: 5424 50e8 

  0x0000028d2c55a718: ; ImmutableOopMap {rbp=NarrowOop [32]=Oop [40]=NarrowOop [56]=Oop [64]=NarrowOop }
                      ;*if_icmpge {reexecute=1 rethrow=0 return_oop=0}
                      ; - (reexecute) java.lang.StringLatin1::trim@30 (line 576)
                      ; - java.lang.String::trim@11 (line 3775)
                      ; - ui.views.P.a::a@52 (line 723)
                      ; - ui.views.P.d::mouseMoved@9 (line 239)
  0x0000028d2c55a718: e49e ecfe 

  0x0000028d2c55a71c: ;   {other}
  0x0000028d2c55a71c: 0f1f 8400 | 8c19 0029 | babe ffff | ff48 8b6c | 2428 448b | 5424 3044 | 8954 2420 | 4889 4424 
  0x0000028d2c55a73c: 3044 894c 

  0x0000028d2c55a740: ;   {runtime_call UncommonTrapBlob}
  0x0000028d2c55a740: 2424 90e8 

  0x0000028d2c55a744: ; ImmutableOopMap {rbp=Oop [32]=NarrowOop [48]=Oop }
                      ;*if_icmpge {reexecute=1 rethrow=0 return_oop=0}
                      ; - (reexecute) ui.utils.ar::ajT@7 (line 3052)
                      ; - ui.utils.ar::kS@12 (line 2973)
                      ; - ui.views.P.a::a@85 (line 729)
                      ; - ui.views.P.d::mouseMoved@9 (line 239)
  0x0000028d2c55a744: b89e ecfe 

  0x0000028d2c55a748: ;   {other}
  0x0000028d2c55a748: 0f1f 8400 | b819 002a | baf6 ffff 

  0x0000028d2c55a754: ;   {runtime_call UncommonTrapBlob}
  0x0000028d2c55a754: ff66 90e8 

  0x0000028d2c55a758: ; ImmutableOopMap {[48]=NarrowOop }
                      ;*monitorenter {reexecute=0 rethrow=0 return_oop=0}
                      ; - ui.utils.swing.H::ao@5 (line 314)
                      ; - ui.views.P.a::a@92 (line 730)
                      ; - ui.views.P.d::mouseMoved@9 (line 239)
  0x0000028d2c55a758: a49e ecfe 

  0x0000028d2c55a75c: ;   {other}
  0x0000028d2c55a75c: 0f1f 8400 | cc19 002b | 4889 7c24 | 208b e948 | 8bd7 4c8d 

  0x0000028d2c55a770: ;   {runtime_call _complete_monitor_locking_Java}
  0x0000028d2c55a770: 4424 60e8 

  0x0000028d2c55a774: ; ImmutableOopMap {rbp=NarrowOop [32]=Oop [48]=NarrowOop [64]=Oop }
                      ;*monitorenter {reexecute=0 rethrow=0 return_oop=0}
                      ; - ui.utils.swing.H::ao@5 (line 314)
                      ; - ui.views.P.a::a@92 (line 730)
                      ; - ui.views.P.d::mouseMoved@9 (line 239)
  0x0000028d2c55a774: 889c f9fe 

  0x0000028d2c55a778: ;   {other}
  0x0000028d2c55a778: 0f1f 8400 | e819 002c | 8bcd 488b | 7c24 20e9 | 3bf4 ffff | bade ffff | ff89 4c24 

  0x0000028d2c55a794: ;   {runtime_call UncommonTrapBlob}
  0x0000028d2c55a794: 2c66 90e8 

  0x0000028d2c55a798: ; ImmutableOopMap {rbp=NarrowOop [44]=NarrowOop [48]=NarrowOop }
                      ;*invokevirtual get {reexecute=0 rethrow=0 return_oop=0}
                      ; - ui.utils.swing.H::ao@10 (line 315)
                      ; - ui.views.P.a::a@92 (line 730)
                      ; - ui.views.P.d::mouseMoved@9 (line 239)
  0x0000028d2c55a798: 649e ecfe 

  0x0000028d2c55a79c: ;   {other}
  0x0000028d2c55a79c: 0f1f 8400 | 0c1a 002d | bade ffff 

  0x0000028d2c55a7a8: ;   {runtime_call UncommonTrapBlob}
  0x0000028d2c55a7a8: ff66 90e8 

  0x0000028d2c55a7ac: ; ImmutableOopMap {rbp=NarrowOop [32]=NarrowOop [36]=NarrowOop }
                      ;*invokevirtual remove {reexecute=0 rethrow=0 return_oop=0}
                      ; - ui.utils.swing.H::ao@38 (line 319)
                      ; - ui.views.P.a::a@92 (line 730)
                      ; - ui.views.P.d::mouseMoved@9 (line 239)
  0x0000028d2c55a7ac: 509e ecfe 

  0x0000028d2c55a7b0: ;   {other}
  0x0000028d2c55a7b0: 0f1f 8400 | 201a 002e | ba45 ffff | ff89 4c24 | 2444 8954 

  0x0000028d2c55a7c4: ;   {runtime_call UncommonTrapBlob}
  0x0000028d2c55a7c4: 2428 90e8 

  0x0000028d2c55a7c8: ; ImmutableOopMap {[36]=NarrowOop [48]=NarrowOop }
                      ;*ifle {reexecute=1 rethrow=0 return_oop=0}
                      ; - (reexecute) java.util.HashMap::getNode@14 (line 575)
                      ; - java.util.HashMap::get@2 (line 564)
                      ; - ui.utils.swing.H::ao@10 (line 315)
                      ; - ui.views.P.a::a@92 (line 730)
                      ; - ui.views.P.d::mouseMoved@9 (line 239)
  0x0000028d2c55a7c8: 349e ecfe 

  0x0000028d2c55a7cc: ;   {other}
  0x0000028d2c55a7cc: 0f1f 8400 | 3c1a 002f | bae4 ffff | ff8b 6c24 | 204c 8b54 | 2428 4c89 | 5424 2044 | 8b44 2430 
  0x0000028d2c55a7ec: 4489 4424 | 2844 895c | 242c 4889 | 4c24 3048 | 8944 2438 | 4489 6c24 | 4089 7424 

  0x0000028d2c55a808: ;   {runtime_call UncommonTrapBlob}
  0x0000028d2c55a808: 4466 90e8 

  0x0000028d2c55a80c: ; ImmutableOopMap {rbp=NarrowOop [32]=Oop [40]=NarrowOop [48]=Oop [56]=Oop }
                      ;*iaload {reexecute=0 rethrow=0 return_oop=0}
                      ; - java.lang.CharacterDataLatin1::getProperties@7 (line 74)
                      ; - java.lang.CharacterDataLatin1::getType@2 (line 110)
                      ; - java.lang.Character::getType@5 (line 11557)
                      ; - java.lang.Character::isSpaceChar@4 (line 11355)
                      ; - java.lang.Character::isSpaceChar@1 (line 11330)
                      ; - ui.utils.ar::t@1 (line 3047)
                      ; - ui.utils.ar::ajT@15 (line 3053)
                      ; - ui.utils.ar::kS@12 (line 2973)
                      ; - ui.views.P.a::a@55 (line 723)
                      ; - ui.views.P.d::mouseMoved@9 (line 239)
  0x0000028d2c55a80c: f09d ecfe 

  0x0000028d2c55a810: ;   {other}
  0x0000028d2c55a810: 0f1f 8400 | 801a 0030 | bae4 ffff | ff48 8b6c | 2428 448b | 5c24 3044 | 895c 2420 | 4c89 4424 
  0x0000028d2c55a830: 3089 7424 | 2489 5c24 

  0x0000028d2c55a838: ;   {runtime_call UncommonTrapBlob}
  0x0000028d2c55a838: 3866 90e8 

  0x0000028d2c55a83c: ; ImmutableOopMap {rbp=Oop [32]=NarrowOop [48]=Oop }
                      ;*iaload {reexecute=0 rethrow=0 return_oop=0}
                      ; - java.lang.CharacterDataLatin1::getProperties@7 (line 74)
                      ; - java.lang.CharacterDataLatin1::getType@2 (line 110)
                      ; - java.lang.Character::getType@5 (line 11557)
                      ; - java.lang.Character::isSpaceChar@4 (line 11355)
                      ; - java.lang.Character::isSpaceChar@1 (line 11330)
                      ; - ui.utils.ar::t@1 (line 3047)
                      ; - ui.utils.ar::ajT@15 (line 3053)
                      ; - ui.utils.ar::kS@12 (line 2973)
                      ; - ui.views.P.a::a@85 (line 729)
                      ; - ui.views.P.d::mouseMoved@9 (line 239)
  0x0000028d2c55a83c: c09d ecfe 

  0x0000028d2c55a840: ;   {other}
  0x0000028d2c55a840: 0f1f 8400 | b01a 0031 | bae4 ffff | ff44 8b5c | 2430 4489 | 5c24 24c5 | fa11 4424 

  0x0000028d2c55a85c: ;   {runtime_call UncommonTrapBlob}
  0x0000028d2c55a85c: 4466 90e8 

  0x0000028d2c55a860: ; ImmutableOopMap {rbp=NarrowOop [32]=NarrowOop [36]=NarrowOop [40]=Oop }
                      ;*fastore {reexecute=0 rethrow=0 return_oop=0}
                      ; - sun.font.FontDesignMetrics::getLatinCharWidth@26 (line 424)
                      ; - sun.font.FontDesignMetrics::charWidth@9 (line 439)
                      ; - com.jidesoft.editor.CodeEditor::xToColumn@61
                      ; - ui.views.P.a::a@22 (line 721)
                      ; - ui.views.P.d::mouseMoved@9 (line 239)
  0x0000028d2c55a860: 9c9d ecfe 

  0x0000028d2c55a864: ;   {other}
  0x0000028d2c55a864: 0f1f 8400 | d41a 0032 | bae4 ffff | ff44 8b44 | 2430 4489 | 4424 2444 | 895c 2430 | 4889 4c24 
  0x0000028d2c55a884: 3848 8944 | 2440 4489 | 6c24 3489 

  0x0000028d2c55a890: ;   {runtime_call UncommonTrapBlob}
  0x0000028d2c55a890: 7424 48e8 

  0x0000028d2c55a894: ; ImmutableOopMap {[32]=NarrowOop [36]=NarrowOop [40]=Oop [56]=Oop [64]=Oop }
                      ;*caload {reexecute=0 rethrow=0 return_oop=0}
                      ; - java.lang.CharacterData00::getProperties@23 (line 73)
                      ; - java.lang.CharacterData00::getType@2 (line 84)
                      ; - java.lang.Character::getType@5 (line 11557)
                      ; - java.lang.Character::isSpaceChar@4 (line 11355)
                      ; - java.lang.Character::isSpaceChar@1 (line 11330)
                      ; - ui.utils.ar::t@1 (line 3047)
                      ; - ui.utils.ar::ajT@15 (line 3053)
                      ; - ui.utils.ar::kS@12 (line 2973)
                      ; - ui.views.P.a::a@55 (line 723)
                      ; - ui.views.P.d::mouseMoved@9 (line 239)
  0x0000028d2c55a894: 689d ecfe 

  0x0000028d2c55a898: ;   {other}
  0x0000028d2c55a898: 0f1f 8400 | 081b 0033 | bae4 ffff | ff8b 6c24 | 204c 8b54 | 2428 4c89 | 5424 2044 | 8b54 2430 
  0x0000028d2c55a8b8: 4489 5424 | 2844 895c | 242c 4889 | 4c24 3048 | 8944 2438 | 4489 6c24 | 4089 7c24 

  0x0000028d2c55a8d4: ;   {runtime_call UncommonTrapBlob}
  0x0000028d2c55a8d4: 4466 90e8 

  0x0000028d2c55a8d8: ; ImmutableOopMap {rbp=NarrowOop [32]=Oop [40]=NarrowOop [48]=Oop [56]=Oop }
                      ;*iaload {reexecute=0 rethrow=0 return_oop=0}
                      ; - java.lang.CharacterData00::getProperties@28 (line 73)
                      ; - java.lang.CharacterData00::getType@2 (line 84)
                      ; - java.lang.Character::getType@5 (line 11557)
                      ; - java.lang.Character::isSpaceChar@4 (line 11355)
                      ; - java.lang.Character::isSpaceChar@1 (line 11330)
                      ; - ui.utils.ar::t@1 (line 3047)
                      ; - ui.utils.ar::ajT@15 (line 3053)
                      ; - ui.utils.ar::kS@12 (line 2973)
                      ; - ui.views.P.a::a@55 (line 723)
                      ; - ui.views.P.d::mouseMoved@9 (line 239)
  0x0000028d2c55a8d8: 249d ecfe 

  0x0000028d2c55a8dc: ;   {other}
  0x0000028d2c55a8dc: 0f1f 8400 | 4c1b 0034 | bac6 ffff | ff44 8b44 | 2430 4489 | 4424 2444 | 895c 2430 | 4889 4c24 
  0x0000028d2c55a8fc: 3848 8944 | 2440 4489 | 6c24 3489 

  0x0000028d2c55a908: ;   {runtime_call UncommonTrapBlob}
  0x0000028d2c55a908: 7424 48e8 

  0x0000028d2c55a90c: ; ImmutableOopMap {rbp=Oop [32]=NarrowOop [36]=NarrowOop [40]=Oop [56]=Oop [64]=Oop }
                      ;*invokevirtual getType {reexecute=0 rethrow=0 return_oop=0}
                      ; - java.lang.Character::getType@5 (line 11557)
                      ; - java.lang.Character::isSpaceChar@4 (line 11355)
                      ; - java.lang.Character::isSpaceChar@1 (line 11330)
                      ; - ui.utils.ar::t@1 (line 3047)
                      ; - ui.utils.ar::ajT@15 (line 3053)
                      ; - ui.utils.ar::kS@12 (line 2973)
                      ; - ui.views.P.a::a@55 (line 723)
                      ; - ui.views.P.d::mouseMoved@9 (line 239)
  0x0000028d2c55a90c: f09c ecfe 

  0x0000028d2c55a910: ;   {other}
  0x0000028d2c55a910: 0f1f 8400 | 801b 0035 | bae4 ffff | ff4c 8b54 | 2428 4c89 | 5424 2044 | 8b54 2430 | 4489 5424 
  0x0000028d2c55a930: 284c 8944 | 2438 8974 | 242c 895c 

  0x0000028d2c55a93c: ;   {runtime_call UncommonTrapBlob}
  0x0000028d2c55a93c: 2440 90e8 

  0x0000028d2c55a940: ; ImmutableOopMap {[32]=Oop [40]=NarrowOop [56]=Oop }
                      ;*caload {reexecute=0 rethrow=0 return_oop=0}
                      ; - java.lang.CharacterData00::getProperties@23 (line 73)
                      ; - java.lang.CharacterData00::getType@2 (line 84)
                      ; - java.lang.Character::getType@5 (line 11557)
                      ; - java.lang.Character::isSpaceChar@4 (line 11355)
                      ; - java.lang.Character::isSpaceChar@1 (line 11330)
                      ; - ui.utils.ar::t@1 (line 3047)
                      ; - ui.utils.ar::ajT@15 (line 3053)
                      ; - ui.utils.ar::kS@12 (line 2973)
                      ; - ui.views.P.a::a@85 (line 729)
                      ; - ui.views.P.d::mouseMoved@9 (line 239)
  0x0000028d2c55a940: bc9c ecfe 

  0x0000028d2c55a944: ;   {other}
  0x0000028d2c55a944: 0f1f 8400 | b41b 0036 | bae4 ffff | ff48 8b6c | 2428 448b | 5c24 3044 | 895c 2420 | 4c89 4424 
  0x0000028d2c55a964: 3089 7424 | 2489 5c24 

  0x0000028d2c55a96c: ;   {runtime_call UncommonTrapBlob}
  0x0000028d2c55a96c: 3866 90e8 

  0x0000028d2c55a970: ; ImmutableOopMap {rbp=Oop [32]=NarrowOop [48]=Oop }
                      ;*iaload {reexecute=0 rethrow=0 return_oop=0}
                      ; - java.lang.CharacterData00::getProperties@28 (line 73)
                      ; - java.lang.CharacterData00::getType@2 (line 84)
                      ; - java.lang.Character::getType@5 (line 11557)
                      ; - java.lang.Character::isSpaceChar@4 (line 11355)
                      ; - java.lang.Character::isSpaceChar@1 (line 11330)
                      ; - ui.utils.ar::t@1 (line 3047)
                      ; - ui.utils.ar::ajT@15 (line 3053)
                      ; - ui.utils.ar::kS@12 (line 2973)
                      ; - ui.views.P.a::a@85 (line 729)
                      ; - ui.views.P.d::mouseMoved@9 (line 239)
  0x0000028d2c55a970: 8c9c ecfe 

  0x0000028d2c55a974: ;   {other}
  0x0000028d2c55a974: 0f1f 8400 | e41b 0037 | bac6 ffff | ff4c 8b54 | 2428 4c89 | 5424 2044 | 8b5c 2430 | 4489 5c24 
  0x0000028d2c55a994: 284c 8944 | 2438 8974 | 242c 895c 

  0x0000028d2c55a9a0: ;   {runtime_call UncommonTrapBlob}
  0x0000028d2c55a9a0: 2440 90e8 

  0x0000028d2c55a9a4: ; ImmutableOopMap {rbp=Oop [32]=Oop [40]=NarrowOop [56]=Oop }
                      ;*invokevirtual getType {reexecute=0 rethrow=0 return_oop=0}
                      ; - java.lang.Character::getType@5 (line 11557)
                      ; - java.lang.Character::isSpaceChar@4 (line 11355)
                      ; - java.lang.Character::isSpaceChar@1 (line 11330)
                      ; - ui.utils.ar::t@1 (line 3047)
                      ; - ui.utils.ar::ajT@15 (line 3053)
                      ; - ui.utils.ar::kS@12 (line 2973)
                      ; - ui.views.P.a::a@85 (line 729)
                      ; - ui.views.P.d::mouseMoved@9 (line 239)
  0x0000028d2c55a9a4: 589c ecfe 

  0x0000028d2c55a9a8: ;   {other}
  0x0000028d2c55a9a8: 0f1f 8400 | 181c 0038 | bade ffff | ff48 8b6c | 2428 4889 | 4424 f88b | 4424 3089 | 4424 2048 
  0x0000028d2c55a9c8: 8b44 24f8 | 4489 4c24 | 2448 894c | 2428 4489 | 5c24 3044 | 8944 2434 

  0x0000028d2c55a9e0: ;   {runtime_call UncommonTrapBlob}
  0x0000028d2c55a9e0: 6666 90e8 

  0x0000028d2c55a9e4: ; ImmutableOopMap {rbp=Oop [32]=NarrowOop [36]=NarrowOop [40]=Oop [52]=NarrowOop }
                      ;*instanceof {reexecute=0 rethrow=0 return_oop=0}
                      ; - ui.views.W.a.a::mnL@4 (line 2324)
                      ; - ui.views.P.a::a@75 (line 728)
                      ; - ui.views.P.d::mouseMoved@9 (line 239)
  0x0000028d2c55a9e4: 189c ecfe 

  0x0000028d2c55a9e8: ;   {other}
  0x0000028d2c55a9e8: 0f1f 8400 | 581c 0039 | bade ffff | ff44 8954 | 2424 4489 

  0x0000028d2c55a9fc: ;   {runtime_call UncommonTrapBlob}
  0x0000028d2c55a9fc: 4c24 28e8 

  0x0000028d2c55aa00: ; ImmutableOopMap {rbp=NarrowOop [36]=NarrowOop [40]=NarrowOop }
                      ;*checkcast {reexecute=0 rethrow=0 return_oop=0}
                      ; - ui.utils.swing.H::ao@13 (line 315)
                      ; - ui.views.P.a::a@62 (line 724)
                      ; - ui.views.P.d::mouseMoved@9 (line 239)
  0x0000028d2c55aa00: fc9b ecfe 

  0x0000028d2c55aa04: ;   {other}
  0x0000028d2c55aa04: 0f1f 8400 | 741c 003a | bade ffff | ff44 895c | 2420 894c 

  0x0000028d2c55aa18: ;   {runtime_call UncommonTrapBlob}
  0x0000028d2c55aa18: 2428 90e8 

  0x0000028d2c55aa1c: ; ImmutableOopMap {rbp=NarrowOop [32]=NarrowOop [40]=NarrowOop }
                      ;*checkcast {reexecute=0 rethrow=0 return_oop=0}
                      ; - ui.utils.swing.H::ao@13 (line 315)
                      ; - ui.views.P.a::a@92 (line 730)
                      ; - ui.views.P.d::mouseMoved@9 (line 239)
  0x0000028d2c55aa1c: e09b ecfe 

  0x0000028d2c55aa20: ;   {other}
  0x0000028d2c55aa20: 0f1f 8400 | 901c 003b | bade ffff | ff44 8944 | 2424 4489 

  0x0000028d2c55aa34: ;   {runtime_call UncommonTrapBlob}
  0x0000028d2c55aa34: 4c24 28e8 

  0x0000028d2c55aa38: ; ImmutableOopMap {rbp=NarrowOop [36]=NarrowOop [40]=NarrowOop }
                      ;*checkcast {reexecute=0 rethrow=0 return_oop=0}
                      ; - ui.utils.swing.H::ao@28 (line 318)
                      ; - ui.views.P.a::a@62 (line 724)
                      ; - ui.views.P.d::mouseMoved@9 (line 239)
  0x0000028d2c55aa38: c49b ecfe 

  0x0000028d2c55aa3c: ;   {other}
  0x0000028d2c55aa3c: 0f1f 8400 | ac1c 003c | bade ffff | ff44 895c | 2420 894c 

  0x0000028d2c55aa50: ;   {runtime_call UncommonTrapBlob}
  0x0000028d2c55aa50: 2428 90e8 

  0x0000028d2c55aa54: ; ImmutableOopMap {rbp=NarrowOop [32]=NarrowOop [40]=NarrowOop }
                      ;*checkcast {reexecute=0 rethrow=0 return_oop=0}
                      ; - ui.utils.swing.H::ao@28 (line 318)
                      ; - ui.views.P.a::a@92 (line 730)
                      ; - ui.views.P.d::mouseMoved@9 (line 239)
  0x0000028d2c55aa54: a89b ecfe 

  0x0000028d2c55aa58: ;   {other}
  0x0000028d2c55aa58: 0f1f 8400 | c81c 003d | baf6 ffff 

  0x0000028d2c55aa64: ;   {runtime_call UncommonTrapBlob}
  0x0000028d2c55aa64: ff66 90e8 

  0x0000028d2c55aa68: ; ImmutableOopMap {}
                      ;*invokevirtual kJp {reexecute=0 rethrow=0 return_oop=0}
                      ; - ui.views.P.a::a@1 (line 719)
                      ; - ui.views.P.d::mouseMoved@9 (line 239)
  0x0000028d2c55aa68: 949b ecfe 

  0x0000028d2c55aa6c: ;   {other}
  0x0000028d2c55aa6c: 0f1f 8400 | dc1c 003e | baf6 ffff 

  0x0000028d2c55aa78: ;   {runtime_call UncommonTrapBlob}
  0x0000028d2c55aa78: ff66 90e8 

  0x0000028d2c55aa7c: ; ImmutableOopMap {}
                      ;*invokevirtual getY {reexecute=0 rethrow=0 return_oop=0}
                      ; - ui.views.P.a::a@7 (line 720)
                      ; - ui.views.P.d::mouseMoved@9 (line 239)
  0x0000028d2c55aa7c: 809b ecfe 

  0x0000028d2c55aa80: ;   {other}
  0x0000028d2c55aa80: 0f1f 8400 | f01c 003f | baf6 ffff 

  0x0000028d2c55aa8c: ;   {runtime_call UncommonTrapBlob}
  0x0000028d2c55aa8c: ff8b e8e8 

  0x0000028d2c55aa90: ; ImmutableOopMap {}
                      ;*invokevirtual yToLine {reexecute=0 rethrow=0 return_oop=0}
                      ; - ui.views.P.a::a@10 (line 720)
                      ; - ui.views.P.d::mouseMoved@9 (line 239)
  0x0000028d2c55aa90: 6c9b ecfe 

  0x0000028d2c55aa94: ;   {other}
  0x0000028d2c55aa94: 0f1f 8400 | 041d 0040 | baf6 ffff | ff41 8bea | 4c89 4424 | 2044 894c | 242c 8944 

  0x0000028d2c55aab0: ;   {runtime_call UncommonTrapBlob}
  0x0000028d2c55aab0: 2430 90e8 

  0x0000028d2c55aab4: ; ImmutableOopMap {rbp=NarrowOop [32]=Oop [44]=NarrowOop }
                      ;*invokevirtual getFontMetrics {reexecute=0 rethrow=0 return_oop=0}
                      ; - ui.views.W.a.a::yToLine@4 (line 478)
                      ; - ui.views.P.a::a@10 (line 720)
                      ; - ui.views.P.d::mouseMoved@9 (line 239)
  0x0000028d2c55aab4: 489b ecfe 

  0x0000028d2c55aab8: ;   {other}
  0x0000028d2c55aab8: 0f1f 8400 | 281d 0041 | baf6 ffff | ff41 8bea | 4c89 4424 | 2044 894c | 242c 8944 

  0x0000028d2c55aad4: ;   {runtime_call UncommonTrapBlob}
  0x0000028d2c55aad4: 2430 90e8 

  0x0000028d2c55aad8: ; ImmutableOopMap {rbp=NarrowOop [32]=Oop [44]=NarrowOop }
                      ;*invokevirtual getHeight {reexecute=0 rethrow=0 return_oop=0}
                      ; - ui.views.W.a.a::yToLine@9 (line 479)
                      ; - ui.views.P.a::a@10 (line 720)
                      ; - ui.views.P.d::mouseMoved@9 (line 239)
  0x0000028d2c55aad8: 249b ecfe 

  0x0000028d2c55aadc: ;   {other}
  0x0000028d2c55aadc: 0f1f 8400 | 4c1d 0042 | baf6 ffff | ff8b 6c24 | 204c 8b54 | 2428 4c89 

  0x0000028d2c55aaf4: ;   {runtime_call UncommonTrapBlob}
  0x0000028d2c55aaf4: 5424 20e8 

  0x0000028d2c55aaf8: ; ImmutableOopMap {rbp=NarrowOop [32]=Oop [48]=NarrowOop [80]=NarrowOop }
                      ;*getfield column {reexecute=1 rethrow=0 return_oop=0}
                      ; - (reexecute) com.jidesoft.editor.CodeEditor::xToColumn@17
                      ; - ui.views.P.a::a@22 (line 721)
                      ; - ui.views.P.d::mouseMoved@9 (line 239)
  0x0000028d2c55aaf8: 049b ecfe 

  0x0000028d2c55aafc: ;   {other}
  0x0000028d2c55aafc: 0f1f 8400 | 6c1d 0043 | baf6 ffff 

  0x0000028d2c55ab08: ;   {runtime_call UncommonTrapBlob}
  0x0000028d2c55ab08: ff66 90e8 

  0x0000028d2c55ab0c: ; ImmutableOopMap {}
                      ;*invokevirtual length {reexecute=0 rethrow=0 return_oop=0}
                      ; - ui.views.P.a::a@44 (line 723)
                      ; - ui.views.P.d::mouseMoved@9 (line 239)
  0x0000028d2c55ab0c: f09a ecfe 

  0x0000028d2c55ab10: ;   {other}
  0x0000028d2c55ab10: 0f1f 8400 | 801d 0044 | baf6 ffff 

  0x0000028d2c55ab1c: ;   {runtime_call UncommonTrapBlob}
  0x0000028d2c55ab1c: ff66 90e8 

  0x0000028d2c55ab20: ; ImmutableOopMap {}
                      ;*arraylength {reexecute=0 rethrow=0 return_oop=0}
                      ; - java.lang.String::length@4 (line 1519)
                      ; - ui.views.P.a::a@44 (line 723)
                      ; - ui.views.P.d::mouseMoved@9 (line 239)
  0x0000028d2c55ab20: dc9a ecfe 

  0x0000028d2c55ab24: ;   {other}
  0x0000028d2c55ab24: 0f1f 8400 | 941d 0045 | baf6 ffff | ff8b 6c24 | 204c 8b5c | 2428 4c89 | 5c24 2048 | 8944 24f8 
  0x0000028d2c55ab44: 8b44 2430 | 8944 2428 | 488b 4424 | f844 8b5c | 2434 4489 | 5c24 3089 

  0x0000028d2c55ab5c: ;   {runtime_call UncommonTrapBlob}
  0x0000028d2c55ab5c: 4424 38e8 

  0x0000028d2c55ab60: ; ImmutableOopMap {rbp=NarrowOop [32]=Oop [40]=NarrowOop }
                      ;*invokevirtual getFontMetrics {reexecute=0 rethrow=0 return_oop=0}
                      ; - com.jidesoft.editor.CodeEditor::xToColumn@52
                      ; - ui.views.P.a::a@22 (line 721)
                      ; - ui.views.P.d::mouseMoved@9 (line 239)
  0x0000028d2c55ab60: 9c9a ecfe 

  0x0000028d2c55ab64: ;   {other}
  0x0000028d2c55ab64: 0f1f 8400 | d41d 0046 | baf6 ffff | ff8b 6c24 | 204c 8b5c | 2428 4c89 | 5c24 2048 | 8944 24f8 
  0x0000028d2c55ab84: 8b44 2430 | 8944 2428 | 488b 4424 | f844 8b44 | 2434 4489 | 4424 3089 

  0x0000028d2c55ab9c: ;   {runtime_call UncommonTrapBlob}
  0x0000028d2c55ab9c: 4424 38e8 

  0x0000028d2c55aba0: ; ImmutableOopMap {rbp=NarrowOop [32]=Oop [40]=NarrowOop }
                      ;*invokevirtual charWidth {reexecute=0 rethrow=0 return_oop=0}
                      ; - com.jidesoft.editor.CodeEditor::xToColumn@61
                      ; - ui.views.P.a::a@22 (line 721)
                      ; - ui.views.P.d::mouseMoved@9 (line 239)
  0x0000028d2c55aba0: 5c9a ecfe 

  0x0000028d2c55aba4: ;   {other}
  0x0000028d2c55aba4: 0f1f 8400 | 141e 0047 | baf6 ffff | ff8b 6c24 | 204c 8b5c | 2428 4c89 | 5c24 2048 | 8944 24f8 
  0x0000028d2c55abc4: 8b44 2430 | 8944 2428 | 488b 4424 | f844 8b5c | 2434 4489 | 5c24 3089 

  0x0000028d2c55abdc: ;   {runtime_call UncommonTrapBlob}
  0x0000028d2c55abdc: 4424 38e8 

  0x0000028d2c55abe0: ; ImmutableOopMap {rbp=NarrowOop [32]=Oop [40]=NarrowOop }
                      ;*faload {reexecute=0 rethrow=0 return_oop=0}
                      ; - sun.font.FontDesignMetrics::getLatinCharWidth@5 (line 421)
                      ; - sun.font.FontDesignMetrics::charWidth@9 (line 439)
                      ; - com.jidesoft.editor.CodeEditor::xToColumn@61
                      ; - ui.views.P.a::a@22 (line 721)
                      ; - ui.views.P.d::mouseMoved@9 (line 239)
  0x0000028d2c55abe0: 1c9a ecfe 

  0x0000028d2c55abe4: ;   {other}
  0x0000028d2c55abe4: 0f1f 8400 | 541e 0048 | baf6 ffff | ff44 894c 

  0x0000028d2c55abf4: ;   {runtime_call UncommonTrapBlob}
  0x0000028d2c55abf4: 2428 90e8 

  0x0000028d2c55abf8: ; ImmutableOopMap {[40]=NarrowOop [48]=NarrowOop }
                      ;*invokevirtual get {reexecute=0 rethrow=0 return_oop=0}
                      ; - ui.utils.swing.H::ao@10 (line 315)
                      ; - ui.views.P.a::a@62 (line 724)
                      ; - ui.views.P.d::mouseMoved@9 (line 239)
  0x0000028d2c55abf8: 049a ecfe 

  0x0000028d2c55abfc: ;   {other}
  0x0000028d2c55abfc: 0f1f 8400 | 6c1e 0049 | baf6 ffff 

  0x0000028d2c55ac08: ;   {runtime_call UncommonTrapBlob}
  0x0000028d2c55ac08: ff66 90e8 

  0x0000028d2c55ac0c: ; ImmutableOopMap {}
                      ;*arraylength {reexecute=0 rethrow=0 return_oop=0}
                      ; - java.lang.String::isEmpty@4 (line 1532)
                      ; - ui.utils.ar::kS@5 (line 2973)
                      ; - ui.views.P.a::a@55 (line 723)
                      ; - ui.views.P.d::mouseMoved@9 (line 239)
  0x0000028d2c55ac0c: f099 ecfe 

  0x0000028d2c55ac10: ;   {other}
  0x0000028d2c55ac10: 0f1f 8400 | 801e 004a | baf4 ffff | ff44 894c 

  0x0000028d2c55ac20: ;   {runtime_call UncommonTrapBlob}
  0x0000028d2c55ac20: 2424 90e8 

  0x0000028d2c55ac24: ; ImmutableOopMap {rbp=NarrowOop [36]=NarrowOop }
                      ;*checkcast {reexecute=0 rethrow=0 return_oop=0}
                      ; - ui.utils.swing.H::ao@28 (line 318)
                      ; - ui.views.P.a::a@62 (line 724)
                      ; - ui.views.P.d::mouseMoved@9 (line 239)
  0x0000028d2c55ac24: d899 ecfe 

  0x0000028d2c55ac28: ;   {other}
  0x0000028d2c55ac28: 0f1f 8400 | 981e 004b | baf6 ffff | ff8b 6c24 | 3844 8b5c | 2424 4489 

  0x0000028d2c55ac40: ;   {runtime_call UncommonTrapBlob}
  0x0000028d2c55ac40: 5c24 20e8 

  0x0000028d2c55ac44: ; ImmutableOopMap {rbp=NarrowOop [32]=NarrowOop }
                      ;*invokevirtual remove {reexecute=0 rethrow=0 return_oop=0}
                      ; - ui.utils.swing.H::ao@38 (line 319)
                      ; - ui.views.P.a::a@62 (line 724)
                      ; - ui.views.P.d::mouseMoved@9 (line 239)
  0x0000028d2c55ac44: b899 ecfe 

  0x0000028d2c55ac48: ;   {other}
  0x0000028d2c55ac48: 0f1f 8400 | b81e 004c | baf6 ffff 

  0x0000028d2c55ac54: ;   {runtime_call UncommonTrapBlob}
  0x0000028d2c55ac54: ff66 90e8 

  0x0000028d2c55ac58: ; ImmutableOopMap {}
                      ;*invokevirtual getTokenMarker {reexecute=0 rethrow=0 return_oop=0}
                      ; - com.jidesoft.editor.CodeEditor::getTokenMarker@4
                      ; - ui.views.W.a.a::mnL@1 (line 2324)
                      ; - ui.views.P.a::a@75 (line 728)
                      ; - ui.views.P.d::mouseMoved@9 (line 239)
  0x0000028d2c55ac58: a499 ecfe 

  0x0000028d2c55ac5c: ;   {other}
  0x0000028d2c55ac5c: 0f1f 8400 | cc1e 004d | baf4 ffff | ff48 8b6c | 2428 4889 | 4424 f88b | 4424 3089 | 4424 2048 
  0x0000028d2c55ac7c: 8b44 24f8 | 4489 4c24 | 2448 894c | 2428 4489 

  0x0000028d2c55ac8c: ;   {runtime_call UncommonTrapBlob}
  0x0000028d2c55ac8c: 5c24 30e8 

  0x0000028d2c55ac90: ; ImmutableOopMap {rbp=Oop [32]=NarrowOop [36]=NarrowOop [40]=Oop }
                      ;*instanceof {reexecute=0 rethrow=0 return_oop=0}
                      ; - ui.views.W.a.a::mnL@4 (line 2324)
                      ; - ui.views.P.a::a@75 (line 728)
                      ; - ui.views.P.d::mouseMoved@9 (line 239)
  0x0000028d2c55ac90: 6c99 ecfe 

  0x0000028d2c55ac94: ;   {other}
  0x0000028d2c55ac94: 0f1f 8400 | 041f 004e | baf6 ffff | ff48 8be9 | 4489 5c24 

  0x0000028d2c55aca8: ;   {runtime_call UncommonTrapBlob}
  0x0000028d2c55aca8: 2066 90e8 

  0x0000028d2c55acac: ; ImmutableOopMap {rbp=Oop }
                      ;*invokevirtual w {reexecute=0 rethrow=0 return_oop=0}
                      ; - ui.views.P.a::a@78 (line 728)
                      ; - ui.views.P.d::mouseMoved@9 (line 239)
  0x0000028d2c55acac: 5099 ecfe 

  0x0000028d2c55acb0: ;   {other}
  0x0000028d2c55acb0: 0f1f 8400 | 201f 004f | baf6 ffff 

  0x0000028d2c55acbc: ;   {runtime_call UncommonTrapBlob}
  0x0000028d2c55acbc: ff66 90e8 

  0x0000028d2c55acc0: ; ImmutableOopMap {}
                      ;*arraylength {reexecute=0 rethrow=0 return_oop=0}
                      ; - java.lang.String::isEmpty@4 (line 1532)
                      ; - ui.utils.ar::kS@5 (line 2973)
                      ; - ui.views.P.a::a@85 (line 729)
                      ; - ui.views.P.d::mouseMoved@9 (line 239)
  0x0000028d2c55acc0: 3c99 ecfe 

  0x0000028d2c55acc4: ;   {other}
  0x0000028d2c55acc4: 0f1f 8400 | 341f 0050 | baf6 ffff | ff89 4c24 

  0x0000028d2c55acd4: ;   {runtime_call UncommonTrapBlob}
  0x0000028d2c55acd4: 2866 90e8 

  0x0000028d2c55acd8: ; ImmutableOopMap {[40]=NarrowOop [48]=NarrowOop }
                      ;*invokevirtual get {reexecute=0 rethrow=0 return_oop=0}
                      ; - ui.utils.swing.H::ao@10 (line 315)
                      ; - ui.views.P.a::a@92 (line 730)
                      ; - ui.views.P.d::mouseMoved@9 (line 239)
  0x0000028d2c55acd8: 2499 ecfe 

  0x0000028d2c55acdc: ;   {other}
  0x0000028d2c55acdc: 0f1f 8400 | 4c1f 0051 | baf4 ffff | ff41 8beb | 894c 2424 

  0x0000028d2c55acf0: ;   {runtime_call UncommonTrapBlob}
  0x0000028d2c55acf0: 6666 90e8 

  0x0000028d2c55acf4: ; ImmutableOopMap {rbp=NarrowOop [36]=NarrowOop }
                      ;*checkcast {reexecute=0 rethrow=0 return_oop=0}
                      ; - ui.utils.swing.H::ao@28 (line 318)
                      ; - ui.views.P.a::a@92 (line 730)
                      ; - ui.views.P.d::mouseMoved@9 (line 239)
  0x0000028d2c55acf4: 0899 ecfe 

  0x0000028d2c55acf8: ;   {other}
  0x0000028d2c55acf8: 0f1f 8400 | 681f 0052 | baf6 ffff | ff8b 6c24 

  0x0000028d2c55ad08: ;   {runtime_call UncommonTrapBlob}
  0x0000028d2c55ad08: 2066 90e8 

  0x0000028d2c55ad0c: ; ImmutableOopMap {rbp=NarrowOop [36]=NarrowOop }
                      ;*invokevirtual remove {reexecute=0 rethrow=0 return_oop=0}
                      ; - ui.utils.swing.H::ao@38 (line 319)
                      ; - ui.views.P.a::a@92 (line 730)
                      ; - ui.views.P.d::mouseMoved@9 (line 239)
  0x0000028d2c55ad0c: f098 ecfe 

  0x0000028d2c55ad10: ;   {other}
  0x0000028d2c55ad10: 0f1f 8400 | 801f 0053 | baf6 ffff | ff8b 6c24 | 204c 8b54 | 2428 4c89 | 5424 2044 | 8b54 2430 
  0x0000028d2c55ad30: 4489 5424 | 2844 8b54 | 2434 4489 | 5424 30c5 | fa11 4424 

  0x0000028d2c55ad44: ;   {runtime_call UncommonTrapBlob}
  0x0000028d2c55ad44: 3c66 90e8 

  0x0000028d2c55ad48: ; ImmutableOopMap {rbp=NarrowOop [32]=Oop [40]=NarrowOop }
                      ;*fastore {reexecute=0 rethrow=0 return_oop=0}
                      ; - sun.font.FontDesignMetrics::getLatinCharWidth@26 (line 424)
                      ; - sun.font.FontDesignMetrics::charWidth@9 (line 439)
                      ; - com.jidesoft.editor.CodeEditor::xToColumn@61
                      ; - ui.views.P.a::a@22 (line 721)
                      ; - ui.views.P.d::mouseMoved@9 (line 239)
  0x0000028d2c55ad48: b498 ecfe 

  0x0000028d2c55ad4c: ;   {other}
  0x0000028d2c55ad4c: 0f1f 8400 | bc1f 0054 | 488b d0e9 | ed01 0000 | 488b d890 | e978 0000 | 0048 8bd8 | e970 0000 
  0x0000028d2c55ad6c: 0048 8bd8 | e92a 0100 | 00e9 cc01 | 0000 488b | d866 6690 | e91a 0100 | 0048 8bd8 | e950 0000 
  0x0000028d2c55ad8c: 0044 8b58 

  0x0000028d2c55ad90: ;   {metadata('java/lang/Exception')}
  0x0000028d2c55ad90: 0849 bab8 | c000 3a8d | 0200 0049 | b800 0000 | 3a8d 0200 | 004d 03c3 | 4d8b 5840 | 4d3b da75 
  0x0000028d2c55adb0: ;   {oop(""{0x00000007020000e0})}
  0x0000028d2c55adb0: 1448 b8e0 | 0000 0207 | 0000 000f | 1f44 0000 | e954 ecff | ff48 8bd0 | e97c 0100 | 0048 8bd8 
  0x0000028d2c55add0: e9ca 0000 | 0048 8bd8 | eb03 488b | d84c 8b5c | 2428 488d | 4424 6048 | 8338 000f | 8479 0000 
  0x0000028d2c55adf0: 004d 8b13 | 41f6 c202 | 0f84 6200 | 0000 4983 | ba86 0000 | 0000 7409 | 49ff 8a86 | 0000 00eb 
  0x0000028d2c55ae10: 4b49 8b82 | 9600 0000 | 490b 828e | 0000 0075 | 0a49 c742 | 3e00 0000 | 00eb 3d49 | 83ba 9e00 
  0x0000028d2c55ae30: 0000 0074 | 2248 33c0 | 49c7 423e | 0000 0000 | f083 0424 | 0049 83ba | 9e00 0000 | 0075 0df0 
  0x0000028d2c55ae50: 4d0f b17a | 3e75 0583 | c801 eb0c | a800 eb08 | 4c8b 10f0 | 4d0f b113 | 750a 49ff | 8f50 0500 
  0x0000028d2c55ae70: 0045 33d2 | 0f85 fd00 | 0000 488b | d366 6690 | e9c4 0000 | 00eb 0048 | 8bd0 e9ba | 0000 0048 
  0x0000028d2c55ae90: 8bd0 e9b2 | 0000 0048 | 8bd8 eb03 | 488b d84c | 8b5c 2428 | 488d 4424 | 6048 8338 | 000f 8479 
  0x0000028d2c55aeb0: ;   {no_reloc}
  0x0000028d2c55aeb0: 0000 004d | 8b13 41f6 | c202 0f84 | 6200 0000 | 4983 ba86 | 0000 0000 | 7409 49ff | 8a86 0000 
  0x0000028d2c55aed0: 00eb 4b49 | 8b82 9600 | 0000 490b | 828e 0000 | 0075 0a49 | c742 3e00 | 0000 00eb | 3d49 83ba 
  0x0000028d2c55aef0: 9e00 0000 | 0074 2248 | 33c0 49c7 | 423e 0000 | 0000 f083 | 0424 0049 | 83ba 9e00 | 0000 0075 
  0x0000028d2c55af10: 0df0 4d0f | b17a 3e75 | 0583 c801 | eb0c a800 | eb08 4c8b | 10f0 4d0f | b113 750a | 49ff 8f50 
  0x0000028d2c55af30: 0500 0045 | 33d2 751b | 488b d3eb | 0c48 8bd0 | eb07 eb02 | eb00 488b | d048 83c4 

  0x0000028d2c55af4c: ;   {runtime_call _rethrow_Java}
  0x0000028d2c55af4c: 705d e9ad | 9df9 fe48 | 8b4c 2428 | 488d 5424 | 604d 8bc7 | 49ba c0c4 | de62 fe7f | 0000 41ff 
  0x0000028d2c55af6c: ;   {other}
  0x0000028d2c55af6c: d20f 1f84 | 0000 0000 | 00eb c148 | 8b4c 2428 | 488d 5424 | 604d 8bc7 | 49ba c0c4 | de62 fe7f 
  0x0000028d2c55af8c: 0000 41ff 

  0x0000028d2c55af90: ;   {other}
  0x0000028d2c55af90: d20f 1f84 | 0000 0000 | 00e9 dcfe | ffff 4883 | ec08 c5fb 

  0x0000028d2c55afa4: ;   {runtime_call StubRoutines (initial stubs)}
  0x0000028d2c55afa4: 1104 24e8 | 5e61 e7fe | 415b e9d8 

  0x0000028d2c55afb0: ;   {internal_word}
  0x0000028d2c55afb0: f3ff ff49 | ba0d 9b55 | 2c8d 0200 | 004d 8997 | 6804 0000 

  0x0000028d2c55afc4: ;   {runtime_call SafepointBlob}
  0x0000028d2c55afc4: e937 a7ec | fe48 83ec | 08c5 fb11 

  0x0000028d2c55afd0: ;   {runtime_call StubRoutines (initial stubs)}
  0x0000028d2c55afd0: 0424 e8c0 | 61e7 fe41 | 58e9 b4e3 

  0x0000028d2c55afdc: ;   {runtime_call StubRoutines (final stubs)}
  0x0000028d2c55afdc: ffff e87d | 9dea fee9 | 12e2 ffff 
[Stub Code]
  0x0000028d2c55afe8: ;   {no_reloc}
  0x0000028d2c55afe8: 48bb 0000 | 0000 0000 

  0x0000028d2c55aff0: ;   {runtime_call}
  0x0000028d2c55aff0: 0000 e9fb 

  0x0000028d2c55aff4: ;   {static_stub}
  0x0000028d2c55aff4: ffff ff48 | bb00 0000 | 0000 0000 

  0x0000028d2c55b000: ;   {runtime_call}
  0x0000028d2c55b000: 00e9 fbff 

  0x0000028d2c55b004: ;   {static_stub}
  0x0000028d2c55b004: ffff 48bb | 0000 0000 | 0000 0000 

  0x0000028d2c55b010: ;   {runtime_call}
  0x0000028d2c55b010: e9fb ffff 

  0x0000028d2c55b014: ;   {static_stub}
  0x0000028d2c55b014: ff48 bb00 | 0000 0000 

  0x0000028d2c55b01c: ;   {runtime_call}
  0x0000028d2c55b01c: 0000 00e9 | fbff ffff 

  0x0000028d2c55b024: ;   {static_stub}
  0x0000028d2c55b024: 48bb 0000 | 0000 0000 

  0x0000028d2c55b02c: ;   {runtime_call}
  0x0000028d2c55b02c: 0000 e9fb 

  0x0000028d2c55b030: ;   {static_stub}
  0x0000028d2c55b030: ffff ff48 | bb00 0000 | 0000 0000 

  0x0000028d2c55b03c: ;   {runtime_call}
  0x0000028d2c55b03c: 00e9 fbff 

  0x0000028d2c55b040: ;   {static_stub}
  0x0000028d2c55b040: ffff 48bb | 0000 0000 | 0000 0000 

  0x0000028d2c55b04c: ;   {runtime_call}
  0x0000028d2c55b04c: e9fb ffff 

  0x0000028d2c55b050: ;   {static_stub}
  0x0000028d2c55b050: ff48 bb00 | 0000 0000 

  0x0000028d2c55b058: ;   {runtime_call}
  0x0000028d2c55b058: 0000 00e9 | fbff ffff 

  0x0000028d2c55b060: ;   {static_stub}
  0x0000028d2c55b060: 48bb 0000 | 0000 0000 

  0x0000028d2c55b068: ;   {runtime_call}
  0x0000028d2c55b068: 0000 e9fb 

  0x0000028d2c55b06c: ;   {static_stub}
  0x0000028d2c55b06c: ffff ff48 | bb00 0000 | 0000 0000 

  0x0000028d2c55b078: ;   {runtime_call}
  0x0000028d2c55b078: 00e9 fbff 

  0x0000028d2c55b07c: ;   {static_stub}
  0x0000028d2c55b07c: ffff 48bb | 0000 0000 | 0000 0000 

  0x0000028d2c55b088: ;   {runtime_call}
  0x0000028d2c55b088: e9fb ffff 

  0x0000028d2c55b08c: ;   {static_stub}
  0x0000028d2c55b08c: ff48 bb00 | 0000 0000 

  0x0000028d2c55b094: ;   {runtime_call}
  0x0000028d2c55b094: 0000 00e9 | fbff ffff 

  0x0000028d2c55b09c: ;   {static_stub}
  0x0000028d2c55b09c: 48bb 0000 | 0000 0000 

  0x0000028d2c55b0a4: ;   {runtime_call}
  0x0000028d2c55b0a4: 0000 e9fb 

  0x0000028d2c55b0a8: ;   {static_stub}
  0x0000028d2c55b0a8: ffff ff48 | bb00 0000 | 0000 0000 

  0x0000028d2c55b0b4: ;   {runtime_call}
  0x0000028d2c55b0b4: 00e9 fbff 

  0x0000028d2c55b0b8: ;   {static_stub}
  0x0000028d2c55b0b8: ffff 48bb | 0000 0000 | 0000 0000 

  0x0000028d2c55b0c4: ;   {runtime_call}
  0x0000028d2c55b0c4: e9fb ffff 

  0x0000028d2c55b0c8: ;   {static_stub}
  0x0000028d2c55b0c8: ff48 bb00 | 0000 0000 

  0x0000028d2c55b0d0: ;   {runtime_call}
  0x0000028d2c55b0d0: 0000 00e9 | fbff ffff 

  0x0000028d2c55b0d8: ;   {static_stub}
  0x0000028d2c55b0d8: 48bb 0000 | 0000 0000 

  0x0000028d2c55b0e0: ;   {runtime_call}
  0x0000028d2c55b0e0: 0000 e9fb 

  0x0000028d2c55b0e4: ;   {static_stub}
  0x0000028d2c55b0e4: ffff ff48 | bb00 0000 | 0000 0000 

  0x0000028d2c55b0f0: ;   {runtime_call}
  0x0000028d2c55b0f0: 00e9 fbff 

  0x0000028d2c55b0f4: ;   {runtime_call ExceptionBlob}
  0x0000028d2c55b0f4: ffff e905 | 3ff9 fee8 | 0000 0000 | 4883 2c24 

  0x0000028d2c55b104: ;   {runtime_call DeoptimizationBlob}
  0x0000028d2c55b104: 05e9 9698 | ecfe f4f4 | f4f4 f4f4 
[/MachCode]


Compiled method (c2) 36564964 63600       4       java.awt.AWTEventMulticaster::mouseMoved (27 bytes)
 total in heap  [0x0000028d2c175790,0x0000028d2c175c38] = 1192
 relocation     [0x0000028d2c1758f0,0x0000028d2c175928] = 56
 main code      [0x0000028d2c175940,0x0000028d2c175b08] = 456
 stub code      [0x0000028d2c175b08,0x0000028d2c175b20] = 24
 metadata       [0x0000028d2c175b20,0x0000028d2c175b28] = 8
 scopes data    [0x0000028d2c175b28,0x0000028d2c175b68] = 64
 scopes pcs     [0x0000028d2c175b68,0x0000028d2c175be8] = 128
 dependencies   [0x0000028d2c175be8,0x0000028d2c175bf0] = 8
 handler table  [0x0000028d2c175bf0,0x0000028d2c175c20] = 48
 nul chk table  [0x0000028d2c175c20,0x0000028d2c175c38] = 24

[Constant Pool (empty)]

[MachCode]
[Entry Point]
  # {method} {0x0000028d7c614d70} 'mouseMoved' '(Ljava/awt/event/MouseEvent;)V' in 'java/awt/AWTEventMulticaster'
  # this:     rdx:rdx   = 'java/awt/AWTEventMulticaster'
  # parm0:    r8:r8     = 'java/awt/event/MouseEvent'
  #           [sp+0x30]  (sp of caller)
  0x0000028d2c175940: 448b 5208 | 49bb 0000 | 003a 8d02 | 0000 4d03 | d349 3bc2 

  0x0000028d2c175954: ;   {runtime_call ic_miss_stub}
  0x0000028d2c175954: 0f85 268e | 2aff 6690 | 0f1f 4000 
[Verified Entry Point]
  0x0000028d2c175960: 8984 2400 | 80ff ff55 | 4883 ec20 | 4181 7f20 | a300 0000 | 0f85 8401 | 0000 4c89 | 0424 488b 
  0x0000028d2c175980: ea44 8b52 | 0c47 8b5c | d408 48be | 0000 003a | 8d02 0000 | 4903 f34c 

  0x0000028d2c175998: ;   {metadata('java/awt/event/MouseMotionListener')}
  0x0000028d2c175998: 8b5e 2049 | b880 060f | 3b8d 0200 | 004d 3bd8 | 0f85 8100 | 0000 4b8d | 14d4 4c8b | 0424 6666 
  0x0000028d2c1759b8: 9048 b8b0 | 309f 898d 

  0x0000028d2c1759c0: ;   {virtual_call}
  0x0000028d2c1759c0: 0200 00e8 

  0x0000028d2c1759c4: ; ImmutableOopMap {rbp=Oop [0]=Oop }
                      ;*invokeinterface mouseMoved {reexecute=0 rethrow=0 return_oop=0}
                      ; - java.awt.AWTEventMulticaster::mouseMoved@8 (line 337)
  0x0000028d2c1759c4: d80e 38ff 

  0x0000028d2c1759c8: ;   {other}
  0x0000028d2c1759c8: 0f1f 8400 | 3802 0000 | 8b6d 1045 | 8b5c ec08 | 48be 0000 | 003a 8d02 | 0000 4903 | f34c 8b56 
  0x0000028d2c1759e8: ;   {metadata('java/awt/event/MouseMotionListener')}
  0x0000028d2c1759e8: 2049 bb80 | 060f 3b8d | 0200 004d | 3bd3 0f85 | 7400 0000 | 498d 14ec | 4c8b 0424 | 9048 b880 
  0x0000028d2c175a08: 2d9f 898d 

  0x0000028d2c175a0c: ;   {virtual_call}
  0x0000028d2c175a0c: 0200 00e8 

  0x0000028d2c175a10: ; ImmutableOopMap {}
                      ;*invokeinterface mouseMoved {reexecute=0 rethrow=0 return_oop=0}
                      ; - java.awt.AWTEventMulticaster::mouseMoved@21 (line 338)
  0x0000028d2c175a10: 8c0e 38ff 

  0x0000028d2c175a14: ;   {other}
  0x0000028d2c175a14: 0f1f 8400 | 8402 0001 | 4883 c420 

  0x0000028d2c175a20: ;   {poll_return}
  0x0000028d2c175a20: 5d49 3ba7 | 5004 0000 | 0f87 ba00 

  0x0000028d2c175a2c: ;   {metadata('java/awt/event/MouseMotionListener')}
  0x0000028d2c175a2c: 0000 c348 | b880 060f | 3b8d 0200 | 0048 8b7e | 288b 0f48 | 83c7 0848 | 85c0 f248 | af0f 8504 
  0x0000028d2c175a4c: 0000 0048 | 8946 200f | 8455 ffff | ffba deff | ffff 418b 

  0x0000028d2c175a60: ;   {runtime_call UncommonTrapBlob}
  0x0000028d2c175a60: ea66 90e8 

  0x0000028d2c175a64: ; ImmutableOopMap {rbp=NarrowOop }
                      ;*checkcast {reexecute=0 rethrow=0 return_oop=0}
                      ; - java.awt.AWTEventMulticaster::mouseMoved@4 (line 337)
  0x0000028d2c175a64: 98eb 2aff 

  0x0000028d2c175a68: ;   {other}
  0x0000028d2c175a68: 0f1f 8400 | d802 0002 

  0x0000028d2c175a70: ;   {metadata('java/awt/event/MouseMotionListener')}
  0x0000028d2c175a70: 48b8 8006 | 0f3b 8d02 | 0000 488b | 7e28 8b0f | 4883 c708 | 4885 c0f2 | 48af 0f85 | 0400 0000 
  0x0000028d2c175a90: 4889 4620 | 0f84 62ff | ffff bade 

  0x0000028d2c175a9c: ;   {runtime_call UncommonTrapBlob}
  0x0000028d2c175a9c: ffff ffe8 

  0x0000028d2c175aa0: ; ImmutableOopMap {rbp=NarrowOop }
                      ;*checkcast {reexecute=0 rethrow=0 return_oop=0}
                      ; - java.awt.AWTEventMulticaster::mouseMoved@17 (line 338)
  0x0000028d2c175aa0: 5ceb 2aff 

  0x0000028d2c175aa4: ;   {other}
  0x0000028d2c175aa4: 0f1f 8400 | 1403 0003 | 488b d0eb | 0348 8bd0 | 4883 c420 

  0x0000028d2c175ab8: ;   {runtime_call _rethrow_Java}
  0x0000028d2c175ab8: 5de9 42f2 | 37ff baf4 

  0x0000028d2c175ac0: ;   {runtime_call UncommonTrapBlob}
  0x0000028d2c175ac0: ffff ffe8 

  0x0000028d2c175ac4: ; ImmutableOopMap {rbp=Oop [0]=Oop }
                      ;*checkcast {reexecute=0 rethrow=0 return_oop=0}
                      ; - java.awt.AWTEventMulticaster::mouseMoved@4 (line 337)
  0x0000028d2c175ac4: 38eb 2aff 

  0x0000028d2c175ac8: ;   {other}
  0x0000028d2c175ac8: 0f1f 8400 | 3803 0004 | baf4 ffff | ff48 8b2c 

  0x0000028d2c175ad8: ;   {runtime_call UncommonTrapBlob}
  0x0000028d2c175ad8: 2466 90e8 

  0x0000028d2c175adc: ; ImmutableOopMap {rbp=Oop }
                      ;*checkcast {reexecute=0 rethrow=0 return_oop=0}
                      ; - java.awt.AWTEventMulticaster::mouseMoved@17 (line 338)
  0x0000028d2c175adc: 20eb 2aff 

  0x0000028d2c175ae0: ;   {other}
  0x0000028d2c175ae0: 0f1f 8400 | 5003 0005 

  0x0000028d2c175ae8: ;   {internal_word}
  0x0000028d2c175ae8: 49ba 215a | 172c 8d02 | 0000 4d89 | 9768 0400 

  0x0000028d2c175af8: ;   {runtime_call SafepointBlob}
  0x0000028d2c175af8: 00e9 02fc 

  0x0000028d2c175afc: ;   {runtime_call StubRoutines (final stubs)}
  0x0000028d2c175afc: 2aff e85d | f228 ffe9 | 72fe ffff 
[Exception Handler]
  0x0000028d2c175b08: ;   {no_reloc}
  0x0000028d2c175b08: e9f3 9437 | ffe8 0000 | 0000 4883 

  0x0000028d2c175b14: ;   {runtime_call DeoptimizationBlob}
  0x0000028d2c175b14: 2c24 05e9 | 84ee 2aff | f4f4 f4f4 
[/MachCode]


---------------  P R O C E S S  ---------------

Threads class SMR info:
_java_thread_list=0x0000028df73a9480, length=62, elements={
0x0000028d13d93860, 0x0000028d1b3f8fe0, 0x0000028d1b3f9650, 0x0000028d1b4048e0,
0x0000028d1b405950, 0x0000028d1b4073c0, 0x0000028d1b40be30, 0x0000028d1b40ebe0,
0x0000028d1b40f680, 0x0000028d1b424fe0, 0x0000028d1b63c370, 0x0000028d1b642640,
0x0000028d7fa248c0, 0x0000028d1b749420, 0x0000028d7fceabb0, 0x0000028d7fbd5670,
0x0000028d7fbd2f10, 0x0000028d7fbd21f0, 0x0000028d7fbd35a0, 0x0000028d7fbd4fe0,
0x0000028d7fbd4950, 0x0000028d7fbd2880, 0x0000028d7fbd8460, 0x0000028d7fbd7dd0,
0x0000028d7fbd9180, 0x0000028d05f2c1e0, 0x0000028d05f2dc20, 0x0000028d05f30380,
0x0000028d05f2cf00, 0x0000028d05f31dc0, 0x0000028d05f33800, 0x0000028d05f32450,
0x0000028d05f32ae0, 0x0000028d05f33170, 0x0000028d7fbd3c30, 0x0000028d7fbd7740,
0x0000028d87332680, 0x0000028d87332d10, 0x0000028d8732f890, 0x0000028d05f30a10,
0x0000028d05f310a0, 0x0000028d88c98040, 0x0000028d88c9b4c0, 0x0000028d88c9a110,
0x0000028d88c9c1e0, 0x0000028d88c9cf00, 0x0000028d88c9d590, 0x0000028dfa1977c0,
0x0000028d8732e4e0, 0x0000028d8732f200, 0x0000028d8732d7c0, 0x0000028d8732de50,
0x0000028e0a5288f0, 0x0000028dfa19ac40, 0x0000028dfa19b2d0, 0x0000028d7fbd42c0,
0x0000028d7fbd8af0, 0x0000028dfa199f20, 0x0000028e0a51b6f0, 0x0000028e0a521960,
0x0000028e0a51eb70, 0x0000028d7fbd6a20
}

Java Threads: ( => current thread )
  0x0000028d13d93860 JavaThread "main"                              [_thread_blocked, id=5760, stack(0x000000f498400000,0x000000f498500000) (1024K)]
  0x0000028d1b3f8fe0 JavaThread "Reference Handler"          daemon [_thread_blocked, id=12456, stack(0x000000f49a700000,0x000000f49b100000) (10240K)]
  0x0000028d1b3f9650 JavaThread "Finalizer"                  daemon [_thread_blocked, id=14936, stack(0x000000f49b100000,0x000000f49bb00000) (10240K)]
  0x0000028d1b4048e0 JavaThread "Signal Dispatcher"          daemon [_thread_blocked, id=30444, stack(0x000000f49bb00000,0x000000f49c500000) (10240K)]
  0x0000028d1b405950 JavaThread "Attach Listener"            daemon [_thread_blocked, id=15504, stack(0x000000f49c500000,0x000000f49cf00000) (10240K)]
  0x0000028d1b4073c0 JavaThread "Service Thread"             daemon [_thread_blocked, id=22596, stack(0x000000f49cf00000,0x000000f49d900000) (10240K)]
  0x0000028d1b40be30 JavaThread "Monitor Deflation Thread"   daemon [_thread_blocked, id=5588, stack(0x000000f49d900000,0x000000f49e300000) (10240K)]
  0x0000028d1b40ebe0 JavaThread "C2 CompilerThread0"         daemon [_thread_blocked, id=16712, stack(0x000000f49e300000,0x000000f49e400000) (1024K)]
  0x0000028d1b40f680 JavaThread "C1 CompilerThread0"         daemon [_thread_blocked, id=344, stack(0x000000f49e400000,0x000000f49e500000) (1024K)]
  0x0000028d1b424fe0 JavaThread "StringDedupThread"          daemon [_thread_blocked, id=4364, stack(0x000000f49e500000,0x000000f49ef00000) (10240K)]
  0x0000028d1b63c370 JavaThread "Common-Cleaner"             daemon [_thread_blocked, id=6344, stack(0x000000f49f000000,0x000000f49fa00000) (10240K)]
  0x0000028d1b642640 JavaThread "Notification Thread"        daemon [_thread_blocked, id=25072, stack(0x000000f49fa00000,0x000000f4a0400000) (10240K)]
  0x0000028d7fa248c0 JavaThread "Java2D Disposer"            daemon [_thread_blocked, id=21636, stack(0x000000f4a0400000,0x000000f4a0e00000) (10240K)]
  0x0000028d1b749420 JavaThread "AWT-Windows"                daemon [_thread_in_native, id=19616, stack(0x000000f4a1800000,0x000000f4a2200000) (10240K)]
  0x0000028d7fceabb0 JavaThread "TimerQueue"                 daemon [_thread_blocked, id=11388, stack(0x000000f4a0e00000,0x000000f4a1800000) (10240K)]
  0x0000028d7fbd5670 JavaThread "AWT-Shutdown"                      [_thread_blocked, id=2720, stack(0x000000f4a4d00000,0x000000f4a5700000) (10240K)]
=>0x0000028d7fbd2f10 JavaThread "AWT-EventQueue-0"                  [_thread_in_native, id=22152, stack(0x000000f4a5700000,0x000000f4a6100000) (10240K)]
  0x0000028d7fbd21f0 JavaThread "Thread-1"                          [_thread_in_native, id=11808, stack(0x000000f498700000,0x000000f499b00000) (20480K)]
  0x0000028d7fbd35a0 JavaThread "Process Messages Thread"           [_thread_blocked, id=19840, stack(0x000000f4a2c00000,0x000000f4a3600000) (10240K)]
  0x0000028d7fbd4fe0 JavaThread "Batik CleanerThread"        daemon [_thread_blocked, id=30240, stack(0x000000f4a3600000,0x000000f4a4000000) (10240K)]
  0x0000028d7fbd4950 JavaThread "SyntheticaCleanerThread"    daemon [_thread_blocked, id=684, stack(0x000000f4a4300000,0x000000f4a4d00000) (10240K)]
  0x0000028d7fbd2880 JavaThread "Timer-0"                           [_thread_blocked, id=30016, stack(0x000000f4a6b00000,0x000000f4a7500000) (10240K)]
  0x0000028d7fbd8460 JavaThread "Monitor File Timestamp Swing Worker Thread"        [_thread_blocked, id=25528, stack(0x000000f4a7500000,0x000000f4a7f00000) (10240K)]
  0x0000028d7fbd7dd0 JavaThread "Monitor HEventQueue for Sluggish Gui Thread"        [_thread_blocked, id=14132, stack(0x000000f4a2200000,0x000000f4a2c00000) (10240K)]
  0x0000028d7fbd9180 JavaThread "SyntheticaAnimation 50"     daemon [_thread_blocked, id=8508, stack(0x000000f4a7f00000,0x000000f4a8900000) (10240K)]
  0x0000028d05f2c1e0 JavaThread "SyntheticaAnimation 25"     daemon [_thread_blocked, id=28624, stack(0x000000f4a8a00000,0x000000f4a9400000) (10240K)]
  0x0000028d05f2dc20 JavaThread "SyntheticaAnimation 70"     daemon [_thread_blocked, id=27980, stack(0x000000f4aa800000,0x000000f4ab200000) (10240K)]
  0x0000028d05f30380 JavaThread "Refresh Filesets Swing Worker Thread"        [_thread_blocked, id=808, stack(0x000000f4a6100000,0x000000f4a6b00000) (10240K)]
  0x0000028d05f2cf00 JavaThread "hw_ila_monitor"                    [_thread_blocked, id=26752, stack(0x000000f4a9400000,0x000000f4a9e00000) (10240K)]
  0x0000028d05f31dc0 JavaThread "pool-2-thread-1"                   [_thread_blocked, id=7380, stack(0x000000f4ac600000,0x000000f4ad000000) (10240K)]
  0x0000028d05f33800 JavaThread "Timer-1"                           [_thread_blocked, id=23772, stack(0x000000f4ad000000,0x000000f4ada00000) (10240K)]
  0x0000028d05f32450 JavaThread "pool-3-thread-1"                   [_thread_blocked, id=24592, stack(0x000000f4ada00000,0x000000f4ae400000) (10240K)]
  0x0000028d05f32ae0 JavaThread "Timer-2"                           [_thread_blocked, id=8536, stack(0x000000f4ae400000,0x000000f4aee00000) (10240K)]
  0x0000028d05f33170 JavaThread "pool-4-thread-1"                   [_thread_blocked, id=15528, stack(0x000000f4aee00000,0x000000f4af800000) (10240K)]
  0x0000028d7fbd3c30 JavaThread "Timer-3"                           [_thread_blocked, id=14144, stack(0x000000f4af800000,0x000000f4b0200000) (10240K)]
  0x0000028d7fbd7740 JavaThread "Update Runs Swing Worker Thread"        [_thread_blocked, id=19576, stack(0x000000f4b0c00000,0x000000f4b1600000) (10240K)]
  0x0000028d87332680 JavaThread "SyntheticaAnimation 50"     daemon [_thread_blocked, id=12036, stack(0x000000f4a9e00000,0x000000f4aa800000) (10240K)]
  0x0000028d87332d10 JavaThread "Image Animator 3"           daemon [_thread_blocked, id=16812, stack(0x000000f4ab200000,0x000000f4abc00000) (10240K)]
  0x0000028d8732f890 JavaThread "Timer-4"                           [_thread_blocked, id=31096, stack(0x000000f4abc00000,0x000000f4ac600000) (10240K)]
  0x0000028d05f30a10 JavaThread "Timer-6"                           [_thread_blocked, id=24828, stack(0x000000f4b3e00000,0x000000f4b4800000) (10240K)]
  0x0000028d05f310a0 JavaThread "Monitor File Timestamp Swing Worker Thread"        [_thread_blocked, id=30924, stack(0x000000f4b4800000,0x000000f4b5200000) (10240K)]
  0x0000028d88c98040 JavaThread "Timer-8"                           [_thread_blocked, id=31472, stack(0x000000f4b6600000,0x000000f4b7000000) (10240K)]
  0x0000028d88c9b4c0 JavaThread "Monitor File Timestamp Swing Worker Thread"        [_thread_blocked, id=23628, stack(0x000000f4b7000000,0x000000f4b7a00000) (10240K)]
  0x0000028d88c9a110 JavaThread "Timer-10"                          [_thread_blocked, id=21364, stack(0x000000f4b8e00000,0x000000f4b9800000) (10240K)]
  0x0000028d88c9c1e0 JavaThread "Monitor File Timestamp Swing Worker Thread"        [_thread_blocked, id=6560, stack(0x000000f4b9800000,0x000000f4ba200000) (10240K)]
  0x0000028d88c9cf00 JavaThread "Timer-12"                          [_thread_blocked, id=14712, stack(0x000000f4b3400000,0x000000f4b3e00000) (10240K)]
  0x0000028d88c9d590 JavaThread "Monitor File Timestamp Swing Worker Thread"        [_thread_blocked, id=20060, stack(0x000000f4bb600000,0x000000f4bc000000) (10240K)]
  0x0000028dfa1977c0 JavaThread "Swing-Shell"                daemon [_thread_blocked, id=11952, stack(0x000000f4bea00000,0x000000f4bf400000) (10240K)]
  0x0000028d8732e4e0 JavaThread "Timer-27"                          [_thread_blocked, id=2448, stack(0x000000f4bca00000,0x000000f4bd400000) (10240K)]
  0x0000028d8732f200 JavaThread "Monitor File Timestamp Swing Worker Thread"        [_thread_blocked, id=11820, stack(0x000000f4bd400000,0x000000f4bde00000) (10240K)]
  0x0000028d8732d7c0 JavaThread "Timer-28"                          [_thread_blocked, id=8252, stack(0x000000f4bde00000,0x000000f4be800000) (10240K)]
  0x0000028d8732de50 JavaThread "Monitor File Timestamp Swing Worker Thread"        [_thread_blocked, id=19824, stack(0x000000f4bf400000,0x000000f4bfe00000) (10240K)]
  0x0000028e0a5288f0 JavaThread "SyntheticaAnimation 50"     daemon [_thread_blocked, id=20252, stack(0x000000f4b7a00000,0x000000f4b8400000) (10240K)]
  0x0000028dfa19ac40 JavaThread "Timer-35"                          [_thread_blocked, id=17808, stack(0x000000f4b5200000,0x000000f4b5c00000) (10240K)]
  0x0000028dfa19b2d0 JavaThread "Monitor File Timestamp Swing Worker Thread"        [_thread_blocked, id=14220, stack(0x000000f4b5c00000,0x000000f4b6600000) (10240K)]
  0x0000028d7fbd42c0 JavaThread "Timer-45"                          [_thread_blocked, id=7316, stack(0x000000f4c0800000,0x000000f4c1200000) (10240K)]
  0x0000028d7fbd8af0 JavaThread "Monitor File Timestamp Swing Worker Thread"        [_thread_blocked, id=23216, stack(0x000000f4c1200000,0x000000f4c1c00000) (10240K)]
  0x0000028dfa199f20 JavaThread "Timer-49"                          [_thread_blocked, id=4508, stack(0x000000f4bc000000,0x000000f4bca00000) (10240K)]
  0x0000028e0a51b6f0 JavaThread "Monitor File Timestamp Swing Worker Thread"        [_thread_blocked, id=12368, stack(0x000000f4bfe00000,0x000000f4c0800000) (10240K)]
  0x0000028e0a521960 JavaThread "Timer-50"                          [_thread_blocked, id=15236, stack(0x000000f4b0200000,0x000000f4b0c00000) (10240K)]
  0x0000028e0a51eb70 JavaThread "Monitor File Timestamp Swing Worker Thread"        [_thread_blocked, id=7540, stack(0x000000f4b1900000,0x000000f4b2300000) (10240K)]
  0x0000028d7fbd6a20 JavaThread "Relaunch Simulation Thread"        [_thread_in_native, id=24872, stack(0x000000f4b8400000,0x000000f4b8e00000) (10240K)]
Total: 62

Other Threads:
  0x0000028d1b3da660 VMThread "VM Thread"                           [id=2548, stack(0x000000f49a600000,0x000000f49a700000) (1024K)]
  0x0000028d19649c70 WatcherThread "VM Periodic Task Thread"        [id=20728, stack(0x000000f49a500000,0x000000f49a600000) (1024K)]
  0x0000028d138997d0 WorkerThread "GC Thread#0"                     [id=6640, stack(0x000000f49a000000,0x000000f49a100000) (1024K)]
  0x0000028d1b3d9b80 WorkerThread "GC Thread#1"                     [id=24012, stack(0x000000f49ef00000,0x000000f49f000000) (1024K)]
  0x0000028d1b3d9f20 WorkerThread "GC Thread#2"                     [id=19416, stack(0x000000f4a4000000,0x000000f4a4100000) (1024K)]
  0x0000028d1b3da2c0 WorkerThread "GC Thread#3"                     [id=26032, stack(0x000000f4a4100000,0x000000f4a4200000) (1024K)]
  0x0000028d1b2400b0 ConcurrentGCThread "G1 Main Marker"            [id=30320, stack(0x000000f49a100000,0x000000f49a200000) (1024K)]
  0x0000028d1389a9f0 WorkerThread "G1 Conc#0"                       [id=21592, stack(0x000000f49a200000,0x000000f49a300000) (1024K)]
  0x0000028d1b312410 ConcurrentGCThread "G1 Refine#0"               [id=21220, stack(0x000000f49a300000,0x000000f49a400000) (1024K)]
  0x0000028d192a3e80 ConcurrentGCThread "G1 Service"                [id=29948, stack(0x000000f49a400000,0x000000f49a500000) (1024K)]
Total: 10

Threads with active compile tasks:
Total: 0

VM state: not at safepoint (normal execution)

VM Mutex/Monitor currently owned by a thread: None

Heap address: 0x0000000701800000, size: 4072 MB, Compressed Oops mode: Zero based, Oop shift amount: 3

CDS archive(s) mapped at: [0x0000028d3a000000-0x0000028d3ac90000-0x0000028d3ac90000), size 13172736, SharedBaseAddress: 0x0000028d3a000000, ArchiveRelocationMode: 1.
Compressed class space mapped at: 0x0000028d3b000000-0x0000028d7b000000, reserved size: 1073741824
Narrow klass base: 0x0000028d3a000000, Narrow klass shift: 0, Narrow klass range: 0x100000000

GC Precious Log:
 CardTable entry size: 512
 Card Set container configuration: InlinePtr #cards 4 size 8 Array Of Cards #cards 16 size 48 Howl #buckets 8 coarsen threshold 3686 Howl Bitmap #cards 512 size 80 coarsen threshold 460 Card regions per heap region 1 cards per card region 4096
 CPUs: 8 total, 8 available
 Memory: 32679M
 Large Page Support: Disabled
 NUMA Support: Disabled
 Compressed Oops: Enabled (Zero based)
 Heap Region Size: 2M
 Heap Min Capacity: 512M
 Heap Initial Capacity: 512M
 Heap Max Capacity: 4072M
 Pre-touch: Disabled
 Parallel Workers: 4
 Concurrent Workers: 1
 Concurrent Refinement Workers: 4
 Periodic GC: Disabled
 String Deduplication is enabled

Heap:
 garbage-first heap   total 649216K, used 270304K [0x0000000701800000, 0x0000000800000000)
  region size 2048K, 36 young (73728K), 1 survivors (2048K)
 Metaspace       used 112977K, committed 113600K, reserved 1179648K
  class space    used 16429K, committed 16704K, reserved 1048576K

Heap Regions: E=young(eden), S=young(survivor), O=old, HS=humongous(starts), HC=humongous(continues), CS=collection set, F=free, TAMS=top-at-mark-start, PB=parsable bottom
|   0|0x0000000701800000, 0x0000000701a00000, 0x0000000701a00000|100%|HS|  |TAMS 0x0000000701800000| PB 0x0000000701800000| Untracked 
|   1|0x0000000701a00000, 0x0000000701bffff8, 0x0000000701c00000| 99%| O|  |TAMS 0x0000000701a00000| PB 0x0000000701a00000| Untracked 
|   2|0x0000000701c00000, 0x0000000701dfff98, 0x0000000701e00000| 99%| O|  |TAMS 0x0000000701c00000| PB 0x0000000701c00000| Untracked 
|   3|0x0000000701e00000, 0x0000000702000000, 0x0000000702000000|100%| O|  |TAMS 0x0000000701e00000| PB 0x0000000701e00000| Untracked 
|   4|0x0000000702000000, 0x00000007021ffff0, 0x0000000702200000| 99%| O|  |TAMS 0x0000000702000000| PB 0x0000000702000000| Untracked 
|   5|0x0000000702200000, 0x0000000702400000, 0x0000000702400000|100%| O|  |TAMS 0x0000000702200000| PB 0x0000000702200000| Untracked 
|   6|0x0000000702400000, 0x0000000702600000, 0x0000000702600000|100%| O|  |TAMS 0x0000000702400000| PB 0x0000000702400000| Untracked 
|   7|0x0000000702600000, 0x00000007027ffff8, 0x0000000702800000| 99%| O|  |TAMS 0x0000000702600000| PB 0x0000000702600000| Untracked 
|   8|0x0000000702800000, 0x00000007029fffd0, 0x0000000702a00000| 99%| O|  |TAMS 0x0000000702800000| PB 0x0000000702800000| Untracked 
|   9|0x0000000702a00000, 0x0000000702bfeb80, 0x0000000702c00000| 99%| O|  |TAMS 0x0000000702a00000| PB 0x0000000702a00000| Untracked 
|  10|0x0000000702c00000, 0x0000000702e00000, 0x0000000702e00000|100%| O|  |TAMS 0x0000000702c00000| PB 0x0000000702c00000| Untracked 
|  11|0x0000000702e00000, 0x0000000702ffc498, 0x0000000703000000| 99%| O|  |TAMS 0x0000000702e00000| PB 0x0000000702e00000| Untracked 
|  12|0x0000000703000000, 0x00000007031fcd40, 0x0000000703200000| 99%| O|  |TAMS 0x0000000703000000| PB 0x0000000703000000| Untracked 
|  13|0x0000000703200000, 0x0000000703400000, 0x0000000703400000|100%| O|  |TAMS 0x0000000703200000| PB 0x0000000703200000| Untracked 
|  14|0x0000000703400000, 0x00000007035ffe80, 0x0000000703600000| 99%| O|  |TAMS 0x0000000703400000| PB 0x0000000703400000| Untracked 
|  15|0x0000000703600000, 0x0000000703800000, 0x0000000703800000|100%| O|  |TAMS 0x0000000703600000| PB 0x0000000703600000| Untracked 
|  16|0x0000000703800000, 0x0000000703a00000, 0x0000000703a00000|100%| O|  |TAMS 0x0000000703800000| PB 0x0000000703800000| Untracked 
|  17|0x0000000703a00000, 0x0000000703bffea8, 0x0000000703c00000| 99%| O|  |TAMS 0x0000000703a00000| PB 0x0000000703a00000| Untracked 
|  18|0x0000000703c00000, 0x0000000703dfffe8, 0x0000000703e00000| 99%| O|  |TAMS 0x0000000703c00000| PB 0x0000000703c00000| Untracked 
|  19|0x0000000703e00000, 0x0000000704000000, 0x0000000704000000|100%| O|  |TAMS 0x0000000703e00000| PB 0x0000000703e00000| Untracked 
|  20|0x0000000704000000, 0x00000007041ffff0, 0x0000000704200000| 99%| O|  |TAMS 0x0000000704000000| PB 0x0000000704000000| Untracked 
|  21|0x0000000704200000, 0x00000007043fffe0, 0x0000000704400000| 99%| O|  |TAMS 0x0000000704200000| PB 0x0000000704200000| Untracked 
|  22|0x0000000704400000, 0x00000007045fe028, 0x0000000704600000| 99%| O|  |TAMS 0x0000000704400000| PB 0x0000000704400000| Untracked 
|  23|0x0000000704600000, 0x0000000704800000, 0x0000000704800000|100%| O|  |TAMS 0x0000000704600000| PB 0x0000000704600000| Untracked 
|  24|0x0000000704800000, 0x00000007049fffd0, 0x0000000704a00000| 99%| O|  |TAMS 0x0000000704800000| PB 0x0000000704800000| Untracked 
|  25|0x0000000704a00000, 0x0000000704bfe288, 0x0000000704c00000| 99%| O|  |TAMS 0x0000000704a00000| PB 0x0000000704a00000| Untracked 
|  26|0x0000000704c00000, 0x0000000704dffff8, 0x0000000704e00000| 99%| O|  |TAMS 0x0000000704c00000| PB 0x0000000704c00000| Untracked 
|  27|0x0000000704e00000, 0x0000000704fffcd0, 0x0000000705000000| 99%| O|  |TAMS 0x0000000704e00000| PB 0x0000000704e00000| Untracked 
|  28|0x0000000705000000, 0x00000007051fffd8, 0x0000000705200000| 99%| O|  |TAMS 0x0000000705000000| PB 0x0000000705000000| Untracked 
|  29|0x0000000705200000, 0x00000007053fbe70, 0x0000000705400000| 99%| O|  |TAMS 0x0000000705200000| PB 0x0000000705200000| Untracked 
|  30|0x0000000705400000, 0x00000007055fffe8, 0x0000000705600000| 99%| O|  |TAMS 0x0000000705400000| PB 0x0000000705400000| Untracked 
|  31|0x0000000705600000, 0x00000007057fffd0, 0x0000000705800000| 99%| O|  |TAMS 0x0000000705600000| PB 0x0000000705600000| Untracked 
|  32|0x0000000705800000, 0x00000007059fffe0, 0x0000000705a00000| 99%| O|  |TAMS 0x0000000705800000| PB 0x0000000705800000| Untracked 
|  33|0x0000000705a00000, 0x0000000705bfff08, 0x0000000705c00000| 99%| O|  |TAMS 0x0000000705a00000| PB 0x0000000705a00000| Untracked 
|  34|0x0000000705c00000, 0x0000000705e00000, 0x0000000705e00000|100%| O|  |TAMS 0x0000000705c00000| PB 0x0000000705c00000| Untracked 
|  35|0x0000000705e00000, 0x0000000705ffffd8, 0x0000000706000000| 99%| O|  |TAMS 0x0000000705e00000| PB 0x0000000705e00000| Untracked 
|  36|0x0000000706000000, 0x00000007061fffe8, 0x0000000706200000| 99%| O|  |TAMS 0x0000000706000000| PB 0x0000000706000000| Untracked 
|  37|0x0000000706200000, 0x00000007063ffe20, 0x0000000706400000| 99%| O|  |TAMS 0x0000000706200000| PB 0x0000000706200000| Untracked 
|  38|0x0000000706400000, 0x00000007065ffff0, 0x0000000706600000| 99%| O|  |TAMS 0x0000000706400000| PB 0x0000000706400000| Untracked 
|  39|0x0000000706600000, 0x0000000706800000, 0x0000000706800000|100%| O|  |TAMS 0x0000000706600000| PB 0x0000000706600000| Untracked 
|  40|0x0000000706800000, 0x0000000706a00000, 0x0000000706a00000|100%| O|  |TAMS 0x0000000706800000| PB 0x0000000706800000| Untracked 
|  41|0x0000000706a00000, 0x0000000706bfffe8, 0x0000000706c00000| 99%| O|  |TAMS 0x0000000706a00000| PB 0x0000000706a00000| Untracked 
|  42|0x0000000706c00000, 0x0000000706dffe78, 0x0000000706e00000| 99%| O|  |TAMS 0x0000000706c00000| PB 0x0000000706c00000| Untracked 
|  43|0x0000000706e00000, 0x0000000706ffffe8, 0x0000000707000000| 99%| O|  |TAMS 0x0000000706e00000| PB 0x0000000706e00000| Untracked 
|  44|0x0000000707000000, 0x00000007071fffe8, 0x0000000707200000| 99%| O|  |TAMS 0x0000000707000000| PB 0x0000000707000000| Untracked 
|  45|0x0000000707200000, 0x00000007073fffd0, 0x0000000707400000| 99%| O|  |TAMS 0x0000000707200000| PB 0x0000000707200000| Untracked 
|  46|0x0000000707400000, 0x00000007075ffff0, 0x0000000707600000| 99%| O|  |TAMS 0x0000000707400000| PB 0x0000000707400000| Untracked 
|  47|0x0000000707600000, 0x0000000707800000, 0x0000000707800000|100%| O|  |TAMS 0x0000000707600000| PB 0x0000000707600000| Untracked 
|  48|0x0000000707800000, 0x0000000707a00000, 0x0000000707a00000|100%| O|  |TAMS 0x0000000707800000| PB 0x0000000707800000| Untracked 
|  49|0x0000000707a00000, 0x0000000707c00000, 0x0000000707c00000|100%| O|  |TAMS 0x0000000707a00000| PB 0x0000000707a00000| Untracked 
|  50|0x0000000707c00000, 0x0000000707e00000, 0x0000000707e00000|100%| O|  |TAMS 0x0000000707c00000| PB 0x0000000707c00000| Untracked 
|  51|0x0000000707e00000, 0x0000000708000000, 0x0000000708000000|100%| O|  |TAMS 0x0000000707e00000| PB 0x0000000707e00000| Untracked 
|  52|0x0000000708000000, 0x0000000708200000, 0x0000000708200000|100%| O|  |TAMS 0x0000000708000000| PB 0x0000000708000000| Untracked 
|  53|0x0000000708200000, 0x0000000708400000, 0x0000000708400000|100%| O|  |TAMS 0x0000000708200000| PB 0x0000000708200000| Untracked 
|  54|0x0000000708400000, 0x0000000708600000, 0x0000000708600000|100%| O|  |TAMS 0x0000000708400000| PB 0x0000000708400000| Untracked 
|  55|0x0000000708600000, 0x0000000708800000, 0x0000000708800000|100%| O|  |TAMS 0x0000000708600000| PB 0x0000000708600000| Untracked 
|  56|0x0000000708800000, 0x0000000708a00000, 0x0000000708a00000|100%| O|  |TAMS 0x0000000708800000| PB 0x0000000708800000| Untracked 
|  57|0x0000000708a00000, 0x0000000708c00000, 0x0000000708c00000|100%| O|  |TAMS 0x0000000708a00000| PB 0x0000000708a00000| Untracked 
|  58|0x0000000708c00000, 0x0000000708e00000, 0x0000000708e00000|100%| O|  |TAMS 0x0000000708c00000| PB 0x0000000708c00000| Untracked 
|  59|0x0000000708e00000, 0x0000000709000000, 0x0000000709000000|100%| O|  |TAMS 0x0000000708e00000| PB 0x0000000708e00000| Untracked 
|  60|0x0000000709000000, 0x0000000709200000, 0x0000000709200000|100%| O|  |TAMS 0x0000000709000000| PB 0x0000000709000000| Untracked 
|  61|0x0000000709200000, 0x0000000709400000, 0x0000000709400000|100%| O|  |TAMS 0x0000000709200000| PB 0x0000000709200000| Untracked 
|  62|0x0000000709400000, 0x00000007095fff98, 0x0000000709600000| 99%| O|  |TAMS 0x0000000709400000| PB 0x0000000709400000| Untracked 
|  63|0x0000000709600000, 0x00000007097fff98, 0x0000000709800000| 99%| O|  |TAMS 0x0000000709600000| PB 0x0000000709600000| Untracked 
|  64|0x0000000709800000, 0x00000007099ffe38, 0x0000000709a00000| 99%| O|  |TAMS 0x0000000709800000| PB 0x0000000709800000| Untracked 
|  65|0x0000000709a00000, 0x0000000709c00000, 0x0000000709c00000|100%| O|  |TAMS 0x0000000709a00000| PB 0x0000000709a00000| Untracked 
|  66|0x0000000709c00000, 0x0000000709e00000, 0x0000000709e00000|100%| O|  |TAMS 0x0000000709c00000| PB 0x0000000709c00000| Untracked 
|  67|0x0000000709e00000, 0x0000000709fffff8, 0x000000070a000000| 99%| O|  |TAMS 0x0000000709e00000| PB 0x0000000709e00000| Untracked 
|  68|0x000000070a000000, 0x000000070a1fffd0, 0x000000070a200000| 99%| O|  |TAMS 0x000000070a000000| PB 0x000000070a000000| Untracked 
|  69|0x000000070a200000, 0x000000070a400000, 0x000000070a400000|100%| O|  |TAMS 0x000000070a200000| PB 0x000000070a200000| Untracked 
|  70|0x000000070a400000, 0x000000070a5fffd0, 0x000000070a600000| 99%| O|  |TAMS 0x000000070a400000| PB 0x000000070a400000| Untracked 
|  71|0x000000070a600000, 0x000000070a800000, 0x000000070a800000|100%| O|  |TAMS 0x000000070a600000| PB 0x000000070a600000| Untracked 
|  72|0x000000070a800000, 0x000000070aa00000, 0x000000070aa00000|100%| O|  |TAMS 0x000000070a800000| PB 0x000000070a800000| Untracked 
|  73|0x000000070aa00000, 0x000000070ac00000, 0x000000070ac00000|100%|HS|  |TAMS 0x000000070aa00000| PB 0x000000070aa00000| Untracked 
|  74|0x000000070ac00000, 0x000000070ae00000, 0x000000070ae00000|100%|HC|  |TAMS 0x000000070ac00000| PB 0x000000070ac00000| Untracked 
|  75|0x000000070ae00000, 0x000000070b000000, 0x000000070b000000|100%|HC|  |TAMS 0x000000070ae00000| PB 0x000000070ae00000| Untracked 
|  76|0x000000070b000000, 0x000000070b1fffb0, 0x000000070b200000| 99%| O|  |TAMS 0x000000070b000000| PB 0x000000070b000000| Untracked 
|  77|0x000000070b200000, 0x000000070b400000, 0x000000070b400000|100%| O|  |TAMS 0x000000070b200000| PB 0x000000070b200000| Untracked 
|  78|0x000000070b400000, 0x000000070b600000, 0x000000070b600000|100%| O|  |TAMS 0x000000070b400000| PB 0x000000070b400000| Untracked 
|  79|0x000000070b600000, 0x000000070b800000, 0x000000070b800000|100%| O|  |TAMS 0x000000070b600000| PB 0x000000070b600000| Untracked 
|  80|0x000000070b800000, 0x000000070b9ffff8, 0x000000070ba00000| 99%| O|  |TAMS 0x000000070b800000| PB 0x000000070b800000| Untracked 
|  81|0x000000070ba00000, 0x000000070bc00000, 0x000000070bc00000|100%| O|  |TAMS 0x000000070ba00000| PB 0x000000070ba00000| Untracked 
|  82|0x000000070bc00000, 0x000000070be00000, 0x000000070be00000|100%| O|  |TAMS 0x000000070bc00000| PB 0x000000070bc00000| Untracked 
|  83|0x000000070be00000, 0x000000070c000000, 0x000000070c000000|100%| O|  |TAMS 0x000000070be00000| PB 0x000000070be00000| Untracked 
|  84|0x000000070c000000, 0x000000070c1ffff0, 0x000000070c200000| 99%| O|  |TAMS 0x000000070c000000| PB 0x000000070c000000| Untracked 
|  85|0x000000070c200000, 0x000000070c3ffdc8, 0x000000070c400000| 99%| O|  |TAMS 0x000000070c200000| PB 0x000000070c200000| Untracked 
|  86|0x000000070c400000, 0x000000070c596f28, 0x000000070c600000| 79%| O|  |TAMS 0x000000070c400000| PB 0x000000070c400000| Untracked 
|  87|0x000000070c600000, 0x000000070c800000, 0x000000070c800000|100%|HS|  |TAMS 0x000000070c600000| PB 0x000000070c600000| Untracked 
|  88|0x000000070c800000, 0x000000070ca00000, 0x000000070ca00000|100%|HC|  |TAMS 0x000000070c800000| PB 0x000000070c800000| Untracked 
|  89|0x000000070ca00000, 0x000000070caf13e8, 0x000000070cc00000| 47%| O|  |TAMS 0x000000070ca00000| PB 0x000000070ca00000| Untracked 
|  90|0x000000070cc00000, 0x000000070cc24a20, 0x000000070ce00000|  7%| O|  |TAMS 0x000000070cc00000| PB 0x000000070cc00000| Untracked 
|  91|0x000000070ce00000, 0x000000070cfb2c88, 0x000000070d000000| 84%| O|  |TAMS 0x000000070ce00000| PB 0x000000070ce00000| Untracked 
|  92|0x000000070d000000, 0x000000070d1d6d00, 0x000000070d200000| 91%| O|  |TAMS 0x000000070d000000| PB 0x000000070d000000| Untracked 
|  93|0x000000070d200000, 0x000000070d400000, 0x000000070d400000|100%| O|  |TAMS 0x000000070d200000| PB 0x000000070d200000| Untracked 
|  94|0x000000070d400000, 0x000000070d400000, 0x000000070d600000|  0%| F|  |TAMS 0x000000070d400000| PB 0x000000070d400000| Untracked 
|  95|0x000000070d600000, 0x000000070d600000, 0x000000070d800000|  0%| F|  |TAMS 0x000000070d600000| PB 0x000000070d600000| Untracked 
|  96|0x000000070d800000, 0x000000070d800000, 0x000000070da00000|  0%| F|  |TAMS 0x000000070d800000| PB 0x000000070d800000| Untracked 
|  97|0x000000070da00000, 0x000000070dc00000, 0x000000070dc00000|100%| O|  |TAMS 0x000000070da00000| PB 0x000000070da00000| Untracked 
|  98|0x000000070dc00000, 0x000000070dc00000, 0x000000070de00000|  0%| F|  |TAMS 0x000000070dc00000| PB 0x000000070dc00000| Untracked 
|  99|0x000000070de00000, 0x000000070de00000, 0x000000070e000000|  0%| F|  |TAMS 0x000000070de00000| PB 0x000000070de00000| Untracked 
| 100|0x000000070e000000, 0x000000070e000000, 0x000000070e200000|  0%| F|  |TAMS 0x000000070e000000| PB 0x000000070e000000| Untracked 
| 101|0x000000070e200000, 0x000000070e200000, 0x000000070e400000|  0%| F|  |TAMS 0x000000070e200000| PB 0x000000070e200000| Untracked 
| 102|0x000000070e400000, 0x000000070e400000, 0x000000070e600000|  0%| F|  |TAMS 0x000000070e400000| PB 0x000000070e400000| Untracked 
| 103|0x000000070e600000, 0x000000070e600000, 0x000000070e800000|  0%| F|  |TAMS 0x000000070e600000| PB 0x000000070e600000| Untracked 
| 104|0x000000070e800000, 0x000000070e800000, 0x000000070ea00000|  0%| F|  |TAMS 0x000000070e800000| PB 0x000000070e800000| Untracked 
| 105|0x000000070ea00000, 0x000000070ea00000, 0x000000070ec00000|  0%| F|  |TAMS 0x000000070ea00000| PB 0x000000070ea00000| Untracked 
| 106|0x000000070ec00000, 0x000000070ec00000, 0x000000070ee00000|  0%| F|  |TAMS 0x000000070ec00000| PB 0x000000070ec00000| Untracked 
| 107|0x000000070ee00000, 0x000000070ee00000, 0x000000070f000000|  0%| F|  |TAMS 0x000000070ee00000| PB 0x000000070ee00000| Untracked 
| 108|0x000000070f000000, 0x000000070f000000, 0x000000070f200000|  0%| F|  |TAMS 0x000000070f000000| PB 0x000000070f000000| Untracked 
| 109|0x000000070f200000, 0x000000070f200000, 0x000000070f400000|  0%| F|  |TAMS 0x000000070f200000| PB 0x000000070f200000| Untracked 
| 110|0x000000070f400000, 0x000000070f400000, 0x000000070f600000|  0%| F|  |TAMS 0x000000070f400000| PB 0x000000070f400000| Untracked 
| 111|0x000000070f600000, 0x000000070f600000, 0x000000070f800000|  0%| F|  |TAMS 0x000000070f600000| PB 0x000000070f600000| Untracked 
| 112|0x000000070f800000, 0x000000070f800000, 0x000000070fa00000|  0%| F|  |TAMS 0x000000070f800000| PB 0x000000070f800000| Untracked 
| 113|0x000000070fa00000, 0x000000070fa00000, 0x000000070fc00000|  0%| F|  |TAMS 0x000000070fa00000| PB 0x000000070fa00000| Untracked 
| 114|0x000000070fc00000, 0x000000070fc00000, 0x000000070fe00000|  0%| F|  |TAMS 0x000000070fc00000| PB 0x000000070fc00000| Untracked 
| 115|0x000000070fe00000, 0x000000070fe00000, 0x0000000710000000|  0%| F|  |TAMS 0x000000070fe00000| PB 0x000000070fe00000| Untracked 
| 116|0x0000000710000000, 0x0000000710000000, 0x0000000710200000|  0%| F|  |TAMS 0x0000000710000000| PB 0x0000000710000000| Untracked 
| 117|0x0000000710200000, 0x0000000710400000, 0x0000000710400000|100%|HS|  |TAMS 0x0000000710200000| PB 0x0000000710200000| Untracked 
| 118|0x0000000710400000, 0x0000000710600000, 0x0000000710600000|100%|HC|  |TAMS 0x0000000710400000| PB 0x0000000710400000| Untracked 
| 119|0x0000000710600000, 0x0000000710800000, 0x0000000710800000|100%|HC|  |TAMS 0x0000000710600000| PB 0x0000000710600000| Untracked 
| 120|0x0000000710800000, 0x0000000710a00000, 0x0000000710a00000|100%|HC|  |TAMS 0x0000000710800000| PB 0x0000000710800000| Untracked 
| 121|0x0000000710a00000, 0x0000000710a00000, 0x0000000710c00000|  0%| F|  |TAMS 0x0000000710a00000| PB 0x0000000710a00000| Untracked 
| 122|0x0000000710c00000, 0x0000000710c00000, 0x0000000710e00000|  0%| F|  |TAMS 0x0000000710c00000| PB 0x0000000710c00000| Untracked 
| 123|0x0000000710e00000, 0x0000000710e00000, 0x0000000711000000|  0%| F|  |TAMS 0x0000000710e00000| PB 0x0000000710e00000| Untracked 
| 124|0x0000000711000000, 0x0000000711000000, 0x0000000711200000|  0%| F|  |TAMS 0x0000000711000000| PB 0x0000000711000000| Untracked 
| 125|0x0000000711200000, 0x0000000711200000, 0x0000000711400000|  0%| F|  |TAMS 0x0000000711200000| PB 0x0000000711200000| Untracked 
| 126|0x0000000711400000, 0x0000000711400000, 0x0000000711600000|  0%| F|  |TAMS 0x0000000711400000| PB 0x0000000711400000| Untracked 
| 127|0x0000000711600000, 0x0000000711600000, 0x0000000711800000|  0%| F|  |TAMS 0x0000000711600000| PB 0x0000000711600000| Untracked 
| 128|0x0000000711800000, 0x0000000711800000, 0x0000000711a00000|  0%| F|  |TAMS 0x0000000711800000| PB 0x0000000711800000| Untracked 
| 129|0x0000000711a00000, 0x0000000711a00000, 0x0000000711c00000|  0%| F|  |TAMS 0x0000000711a00000| PB 0x0000000711a00000| Untracked 
| 130|0x0000000711c00000, 0x0000000711c00000, 0x0000000711e00000|  0%| F|  |TAMS 0x0000000711c00000| PB 0x0000000711c00000| Untracked 
| 131|0x0000000711e00000, 0x0000000711e00000, 0x0000000712000000|  0%| F|  |TAMS 0x0000000711e00000| PB 0x0000000711e00000| Untracked 
| 132|0x0000000712000000, 0x0000000712000000, 0x0000000712200000|  0%| F|  |TAMS 0x0000000712000000| PB 0x0000000712000000| Untracked 
| 133|0x0000000712200000, 0x0000000712200000, 0x0000000712400000|  0%| F|  |TAMS 0x0000000712200000| PB 0x0000000712200000| Untracked 
| 134|0x0000000712400000, 0x0000000712400000, 0x0000000712600000|  0%| F|  |TAMS 0x0000000712400000| PB 0x0000000712400000| Untracked 
| 135|0x0000000712600000, 0x0000000712600000, 0x0000000712800000|  0%| F|  |TAMS 0x0000000712600000| PB 0x0000000712600000| Untracked 
| 136|0x0000000712800000, 0x0000000712800000, 0x0000000712a00000|  0%| F|  |TAMS 0x0000000712800000| PB 0x0000000712800000| Untracked 
| 137|0x0000000712a00000, 0x0000000712a00000, 0x0000000712c00000|  0%| F|  |TAMS 0x0000000712a00000| PB 0x0000000712a00000| Untracked 
| 138|0x0000000712c00000, 0x0000000712c00000, 0x0000000712e00000|  0%| F|  |TAMS 0x0000000712c00000| PB 0x0000000712c00000| Untracked 
| 139|0x0000000712e00000, 0x0000000712e00000, 0x0000000713000000|  0%| F|  |TAMS 0x0000000712e00000| PB 0x0000000712e00000| Untracked 
| 140|0x0000000713000000, 0x0000000713000000, 0x0000000713200000|  0%| F|  |TAMS 0x0000000713000000| PB 0x0000000713000000| Untracked 
| 141|0x0000000713200000, 0x0000000713200000, 0x0000000713400000|  0%| F|  |TAMS 0x0000000713200000| PB 0x0000000713200000| Untracked 
| 142|0x0000000713400000, 0x0000000713400000, 0x0000000713600000|  0%| F|  |TAMS 0x0000000713400000| PB 0x0000000713400000| Untracked 
| 143|0x0000000713600000, 0x0000000713600000, 0x0000000713800000|  0%| F|  |TAMS 0x0000000713600000| PB 0x0000000713600000| Untracked 
| 144|0x0000000713800000, 0x0000000713800000, 0x0000000713a00000|  0%| F|  |TAMS 0x0000000713800000| PB 0x0000000713800000| Untracked 
| 145|0x0000000713a00000, 0x0000000713a00000, 0x0000000713c00000|  0%| F|  |TAMS 0x0000000713a00000| PB 0x0000000713a00000| Untracked 
| 146|0x0000000713c00000, 0x0000000713c00000, 0x0000000713e00000|  0%| F|  |TAMS 0x0000000713c00000| PB 0x0000000713c00000| Untracked 
| 147|0x0000000713e00000, 0x0000000713e00000, 0x0000000714000000|  0%| F|  |TAMS 0x0000000713e00000| PB 0x0000000713e00000| Untracked 
| 148|0x0000000714000000, 0x0000000714000000, 0x0000000714200000|  0%| F|  |TAMS 0x0000000714000000| PB 0x0000000714000000| Untracked 
| 149|0x0000000714200000, 0x0000000714200000, 0x0000000714400000|  0%| F|  |TAMS 0x0000000714200000| PB 0x0000000714200000| Untracked 
| 150|0x0000000714400000, 0x0000000714400000, 0x0000000714600000|  0%| F|  |TAMS 0x0000000714400000| PB 0x0000000714400000| Untracked 
| 151|0x0000000714600000, 0x0000000714600000, 0x0000000714800000|  0%| F|  |TAMS 0x0000000714600000| PB 0x0000000714600000| Untracked 
| 152|0x0000000714800000, 0x0000000714800000, 0x0000000714a00000|  0%| F|  |TAMS 0x0000000714800000| PB 0x0000000714800000| Untracked 
| 153|0x0000000714a00000, 0x0000000714a00000, 0x0000000714c00000|  0%| F|  |TAMS 0x0000000714a00000| PB 0x0000000714a00000| Untracked 
| 154|0x0000000714c00000, 0x0000000714c00000, 0x0000000714e00000|  0%| F|  |TAMS 0x0000000714c00000| PB 0x0000000714c00000| Untracked 
| 155|0x0000000714e00000, 0x0000000714e00000, 0x0000000715000000|  0%| F|  |TAMS 0x0000000714e00000| PB 0x0000000714e00000| Untracked 
| 156|0x0000000715000000, 0x0000000715000000, 0x0000000715200000|  0%| F|  |TAMS 0x0000000715000000| PB 0x0000000715000000| Untracked 
| 157|0x0000000715200000, 0x0000000715200000, 0x0000000715400000|  0%| F|  |TAMS 0x0000000715200000| PB 0x0000000715200000| Untracked 
| 158|0x0000000715400000, 0x0000000715400000, 0x0000000715600000|  0%| F|  |TAMS 0x0000000715400000| PB 0x0000000715400000| Untracked 
| 159|0x0000000715600000, 0x0000000715600000, 0x0000000715800000|  0%| F|  |TAMS 0x0000000715600000| PB 0x0000000715600000| Untracked 
| 160|0x0000000715800000, 0x0000000715800000, 0x0000000715a00000|  0%| F|  |TAMS 0x0000000715800000| PB 0x0000000715800000| Untracked 
| 161|0x0000000715a00000, 0x0000000715a00000, 0x0000000715c00000|  0%| F|  |TAMS 0x0000000715a00000| PB 0x0000000715a00000| Untracked 
| 162|0x0000000715c00000, 0x0000000715c00000, 0x0000000715e00000|  0%| F|  |TAMS 0x0000000715c00000| PB 0x0000000715c00000| Untracked 
| 163|0x0000000715e00000, 0x0000000715e00000, 0x0000000716000000|  0%| F|  |TAMS 0x0000000715e00000| PB 0x0000000715e00000| Untracked 
| 164|0x0000000716000000, 0x0000000716000000, 0x0000000716200000|  0%| F|  |TAMS 0x0000000716000000| PB 0x0000000716000000| Untracked 
| 165|0x0000000716200000, 0x0000000716200000, 0x0000000716400000|  0%| F|  |TAMS 0x0000000716200000| PB 0x0000000716200000| Untracked 
| 166|0x0000000716400000, 0x0000000716400000, 0x0000000716600000|  0%| F|  |TAMS 0x0000000716400000| PB 0x0000000716400000| Untracked 
| 167|0x0000000716600000, 0x0000000716600000, 0x0000000716800000|  0%| F|  |TAMS 0x0000000716600000| PB 0x0000000716600000| Untracked 
| 168|0x0000000716800000, 0x0000000716800000, 0x0000000716a00000|  0%| F|  |TAMS 0x0000000716800000| PB 0x0000000716800000| Untracked 
| 169|0x0000000716a00000, 0x0000000716a00000, 0x0000000716c00000|  0%| F|  |TAMS 0x0000000716a00000| PB 0x0000000716a00000| Untracked 
| 170|0x0000000716c00000, 0x0000000716c00000, 0x0000000716e00000|  0%| F|  |TAMS 0x0000000716c00000| PB 0x0000000716c00000| Untracked 
| 171|0x0000000716e00000, 0x0000000716e00000, 0x0000000717000000|  0%| F|  |TAMS 0x0000000716e00000| PB 0x0000000716e00000| Untracked 
| 172|0x0000000717000000, 0x0000000717000000, 0x0000000717200000|  0%| F|  |TAMS 0x0000000717000000| PB 0x0000000717000000| Untracked 
| 173|0x0000000717200000, 0x0000000717200000, 0x0000000717400000|  0%| F|  |TAMS 0x0000000717200000| PB 0x0000000717200000| Untracked 
| 174|0x0000000717400000, 0x0000000717400000, 0x0000000717600000|  0%| F|  |TAMS 0x0000000717400000| PB 0x0000000717400000| Untracked 
| 175|0x0000000717600000, 0x0000000717600000, 0x0000000717800000|  0%| F|  |TAMS 0x0000000717600000| PB 0x0000000717600000| Untracked 
| 176|0x0000000717800000, 0x0000000717800000, 0x0000000717a00000|  0%| F|  |TAMS 0x0000000717800000| PB 0x0000000717800000| Untracked 
| 177|0x0000000717a00000, 0x0000000717a00000, 0x0000000717c00000|  0%| F|  |TAMS 0x0000000717a00000| PB 0x0000000717a00000| Untracked 
| 178|0x0000000717c00000, 0x0000000717c00000, 0x0000000717e00000|  0%| F|  |TAMS 0x0000000717c00000| PB 0x0000000717c00000| Untracked 
| 179|0x0000000717e00000, 0x0000000717e00000, 0x0000000718000000|  0%| F|  |TAMS 0x0000000717e00000| PB 0x0000000717e00000| Untracked 
| 180|0x0000000718000000, 0x0000000718000000, 0x0000000718200000|  0%| F|  |TAMS 0x0000000718000000| PB 0x0000000718000000| Untracked 
| 181|0x0000000718200000, 0x0000000718200000, 0x0000000718400000|  0%| F|  |TAMS 0x0000000718200000| PB 0x0000000718200000| Untracked 
| 182|0x0000000718400000, 0x0000000718400000, 0x0000000718600000|  0%| F|  |TAMS 0x0000000718400000| PB 0x0000000718400000| Untracked 
| 183|0x0000000718600000, 0x0000000718600000, 0x0000000718800000|  0%| F|  |TAMS 0x0000000718600000| PB 0x0000000718600000| Untracked 
| 184|0x0000000718800000, 0x0000000718800000, 0x0000000718a00000|  0%| F|  |TAMS 0x0000000718800000| PB 0x0000000718800000| Untracked 
| 185|0x0000000718a00000, 0x0000000718a00000, 0x0000000718c00000|  0%| F|  |TAMS 0x0000000718a00000| PB 0x0000000718a00000| Untracked 
| 186|0x0000000718c00000, 0x0000000718c00000, 0x0000000718e00000|  0%| F|  |TAMS 0x0000000718c00000| PB 0x0000000718c00000| Untracked 
| 187|0x0000000718e00000, 0x0000000718e00000, 0x0000000719000000|  0%| F|  |TAMS 0x0000000718e00000| PB 0x0000000718e00000| Untracked 
| 188|0x0000000719000000, 0x0000000719000000, 0x0000000719200000|  0%| F|  |TAMS 0x0000000719000000| PB 0x0000000719000000| Untracked 
| 189|0x0000000719200000, 0x0000000719200000, 0x0000000719400000|  0%| F|  |TAMS 0x0000000719200000| PB 0x0000000719200000| Untracked 
| 190|0x0000000719400000, 0x0000000719400000, 0x0000000719600000|  0%| F|  |TAMS 0x0000000719400000| PB 0x0000000719400000| Untracked 
| 191|0x0000000719600000, 0x0000000719600000, 0x0000000719800000|  0%| F|  |TAMS 0x0000000719600000| PB 0x0000000719600000| Untracked 
| 192|0x0000000719800000, 0x0000000719800000, 0x0000000719a00000|  0%| F|  |TAMS 0x0000000719800000| PB 0x0000000719800000| Untracked 
| 193|0x0000000719a00000, 0x0000000719a00000, 0x0000000719c00000|  0%| F|  |TAMS 0x0000000719a00000| PB 0x0000000719a00000| Untracked 
| 194|0x0000000719c00000, 0x0000000719c00000, 0x0000000719e00000|  0%| F|  |TAMS 0x0000000719c00000| PB 0x0000000719c00000| Untracked 
| 195|0x0000000719e00000, 0x0000000719e00000, 0x000000071a000000|  0%| F|  |TAMS 0x0000000719e00000| PB 0x0000000719e00000| Untracked 
| 196|0x000000071a000000, 0x000000071a000000, 0x000000071a200000|  0%| F|  |TAMS 0x000000071a000000| PB 0x000000071a000000| Untracked 
| 197|0x000000071a200000, 0x000000071a200000, 0x000000071a400000|  0%| F|  |TAMS 0x000000071a200000| PB 0x000000071a200000| Untracked 
| 198|0x000000071a400000, 0x000000071a400000, 0x000000071a600000|  0%| F|  |TAMS 0x000000071a400000| PB 0x000000071a400000| Untracked 
| 199|0x000000071a600000, 0x000000071a600000, 0x000000071a800000|  0%| F|  |TAMS 0x000000071a600000| PB 0x000000071a600000| Untracked 
| 200|0x000000071a800000, 0x000000071a800000, 0x000000071aa00000|  0%| F|  |TAMS 0x000000071a800000| PB 0x000000071a800000| Untracked 
| 201|0x000000071aa00000, 0x000000071aa00000, 0x000000071ac00000|  0%| F|  |TAMS 0x000000071aa00000| PB 0x000000071aa00000| Untracked 
| 202|0x000000071ac00000, 0x000000071ac00000, 0x000000071ae00000|  0%| F|  |TAMS 0x000000071ac00000| PB 0x000000071ac00000| Untracked 
| 203|0x000000071ae00000, 0x000000071ae00000, 0x000000071b000000|  0%| F|  |TAMS 0x000000071ae00000| PB 0x000000071ae00000| Untracked 
| 204|0x000000071b000000, 0x000000071b000000, 0x000000071b200000|  0%| F|  |TAMS 0x000000071b000000| PB 0x000000071b000000| Untracked 
| 205|0x000000071b200000, 0x000000071b200000, 0x000000071b400000|  0%| F|  |TAMS 0x000000071b200000| PB 0x000000071b200000| Untracked 
| 206|0x000000071b400000, 0x000000071b400000, 0x000000071b600000|  0%| F|  |TAMS 0x000000071b400000| PB 0x000000071b400000| Untracked 
| 207|0x000000071b600000, 0x000000071b600000, 0x000000071b800000|  0%| F|  |TAMS 0x000000071b600000| PB 0x000000071b600000| Untracked 
| 208|0x000000071b800000, 0x000000071b800000, 0x000000071ba00000|  0%| F|  |TAMS 0x000000071b800000| PB 0x000000071b800000| Untracked 
| 209|0x000000071ba00000, 0x000000071ba00000, 0x000000071bc00000|  0%| F|  |TAMS 0x000000071ba00000| PB 0x000000071ba00000| Untracked 
| 210|0x000000071bc00000, 0x000000071bc00000, 0x000000071be00000|  0%| F|  |TAMS 0x000000071bc00000| PB 0x000000071bc00000| Untracked 
| 211|0x000000071be00000, 0x000000071be00000, 0x000000071c000000|  0%| F|  |TAMS 0x000000071be00000| PB 0x000000071be00000| Untracked 
| 212|0x000000071c000000, 0x000000071c000000, 0x000000071c200000|  0%| F|  |TAMS 0x000000071c000000| PB 0x000000071c000000| Untracked 
| 213|0x000000071c200000, 0x000000071c200000, 0x000000071c400000|  0%| F|  |TAMS 0x000000071c200000| PB 0x000000071c200000| Untracked 
| 214|0x000000071c400000, 0x000000071c400000, 0x000000071c600000|  0%| F|  |TAMS 0x000000071c400000| PB 0x000000071c400000| Untracked 
| 215|0x000000071c600000, 0x000000071c600000, 0x000000071c800000|  0%| F|  |TAMS 0x000000071c600000| PB 0x000000071c600000| Untracked 
| 216|0x000000071c800000, 0x000000071c800000, 0x000000071ca00000|  0%| F|  |TAMS 0x000000071c800000| PB 0x000000071c800000| Untracked 
| 217|0x000000071ca00000, 0x000000071ca00000, 0x000000071cc00000|  0%| F|  |TAMS 0x000000071ca00000| PB 0x000000071ca00000| Untracked 
| 218|0x000000071cc00000, 0x000000071cc00000, 0x000000071ce00000|  0%| F|  |TAMS 0x000000071cc00000| PB 0x000000071cc00000| Untracked 
| 219|0x000000071ce00000, 0x000000071ce00000, 0x000000071d000000|  0%| F|  |TAMS 0x000000071ce00000| PB 0x000000071ce00000| Untracked 
| 220|0x000000071d000000, 0x000000071d000000, 0x000000071d200000|  0%| F|  |TAMS 0x000000071d000000| PB 0x000000071d000000| Untracked 
| 221|0x000000071d200000, 0x000000071d200000, 0x000000071d400000|  0%| F|  |TAMS 0x000000071d200000| PB 0x000000071d200000| Untracked 
| 222|0x000000071d400000, 0x000000071d400000, 0x000000071d600000|  0%| F|  |TAMS 0x000000071d400000| PB 0x000000071d400000| Untracked 
| 223|0x000000071d600000, 0x000000071d600000, 0x000000071d800000|  0%| F|  |TAMS 0x000000071d600000| PB 0x000000071d600000| Untracked 
| 224|0x000000071d800000, 0x000000071d800000, 0x000000071da00000|  0%| F|  |TAMS 0x000000071d800000| PB 0x000000071d800000| Untracked 
| 225|0x000000071da00000, 0x000000071da00000, 0x000000071dc00000|  0%| F|  |TAMS 0x000000071da00000| PB 0x000000071da00000| Untracked 
| 226|0x000000071dc00000, 0x000000071dc00000, 0x000000071de00000|  0%| F|  |TAMS 0x000000071dc00000| PB 0x000000071dc00000| Untracked 
| 227|0x000000071de00000, 0x000000071de00000, 0x000000071e000000|  0%| F|  |TAMS 0x000000071de00000| PB 0x000000071de00000| Untracked 
| 228|0x000000071e000000, 0x000000071e000000, 0x000000071e200000|  0%| F|  |TAMS 0x000000071e000000| PB 0x000000071e000000| Untracked 
| 229|0x000000071e200000, 0x000000071e200000, 0x000000071e400000|  0%| F|  |TAMS 0x000000071e200000| PB 0x000000071e200000| Untracked 
| 230|0x000000071e400000, 0x000000071e400000, 0x000000071e600000|  0%| F|  |TAMS 0x000000071e400000| PB 0x000000071e400000| Untracked 
| 231|0x000000071e600000, 0x000000071e600000, 0x000000071e800000|  0%| F|  |TAMS 0x000000071e600000| PB 0x000000071e600000| Untracked 
| 232|0x000000071e800000, 0x000000071e800000, 0x000000071ea00000|  0%| F|  |TAMS 0x000000071e800000| PB 0x000000071e800000| Untracked 
| 233|0x000000071ea00000, 0x000000071ea00000, 0x000000071ec00000|  0%| F|  |TAMS 0x000000071ea00000| PB 0x000000071ea00000| Untracked 
| 234|0x000000071ec00000, 0x000000071ec00000, 0x000000071ee00000|  0%| F|  |TAMS 0x000000071ec00000| PB 0x000000071ec00000| Untracked 
| 235|0x000000071ee00000, 0x000000071ee00000, 0x000000071f000000|  0%| F|  |TAMS 0x000000071ee00000| PB 0x000000071ee00000| Untracked 
| 236|0x000000071f000000, 0x000000071f000000, 0x000000071f200000|  0%| F|  |TAMS 0x000000071f000000| PB 0x000000071f000000| Untracked 
| 237|0x000000071f200000, 0x000000071f200000, 0x000000071f400000|  0%| F|  |TAMS 0x000000071f200000| PB 0x000000071f200000| Untracked 
| 238|0x000000071f400000, 0x000000071f400000, 0x000000071f600000|  0%| F|  |TAMS 0x000000071f400000| PB 0x000000071f400000| Untracked 
| 239|0x000000071f600000, 0x000000071f600000, 0x000000071f800000|  0%| F|  |TAMS 0x000000071f600000| PB 0x000000071f600000| Untracked 
| 240|0x000000071f800000, 0x000000071f800000, 0x000000071fa00000|  0%| F|  |TAMS 0x000000071f800000| PB 0x000000071f800000| Untracked 
| 241|0x000000071fa00000, 0x000000071fa00000, 0x000000071fc00000|  0%| F|  |TAMS 0x000000071fa00000| PB 0x000000071fa00000| Untracked 
| 242|0x000000071fc00000, 0x000000071fc00000, 0x000000071fe00000|  0%| F|  |TAMS 0x000000071fc00000| PB 0x000000071fc00000| Untracked 
| 243|0x000000071fe00000, 0x000000071fe00000, 0x0000000720000000|  0%| F|  |TAMS 0x000000071fe00000| PB 0x000000071fe00000| Untracked 
| 244|0x0000000720000000, 0x0000000720000000, 0x0000000720200000|  0%| F|  |TAMS 0x0000000720000000| PB 0x0000000720000000| Untracked 
| 245|0x0000000720200000, 0x0000000720200000, 0x0000000720400000|  0%| F|  |TAMS 0x0000000720200000| PB 0x0000000720200000| Untracked 
| 246|0x0000000720400000, 0x0000000720400000, 0x0000000720600000|  0%| F|  |TAMS 0x0000000720400000| PB 0x0000000720400000| Untracked 
| 247|0x0000000720600000, 0x0000000720600000, 0x0000000720800000|  0%| F|  |TAMS 0x0000000720600000| PB 0x0000000720600000| Untracked 
| 248|0x0000000720800000, 0x0000000720800000, 0x0000000720a00000|  0%| F|  |TAMS 0x0000000720800000| PB 0x0000000720800000| Untracked 
| 249|0x0000000720a00000, 0x0000000720a00000, 0x0000000720c00000|  0%| F|  |TAMS 0x0000000720a00000| PB 0x0000000720a00000| Untracked 
| 250|0x0000000720c00000, 0x0000000720c00000, 0x0000000720e00000|  0%| F|  |TAMS 0x0000000720c00000| PB 0x0000000720c00000| Untracked 
| 251|0x0000000720e00000, 0x0000000720e00000, 0x0000000721000000|  0%| F|  |TAMS 0x0000000720e00000| PB 0x0000000720e00000| Untracked 
| 252|0x0000000721000000, 0x0000000721000000, 0x0000000721200000|  0%| F|  |TAMS 0x0000000721000000| PB 0x0000000721000000| Untracked 
| 253|0x0000000721200000, 0x0000000721200000, 0x0000000721400000|  0%| F|  |TAMS 0x0000000721200000| PB 0x0000000721200000| Untracked 
| 254|0x0000000721400000, 0x0000000721400000, 0x0000000721600000|  0%| F|  |TAMS 0x0000000721400000| PB 0x0000000721400000| Untracked 
| 255|0x0000000721600000, 0x0000000721600000, 0x0000000721800000|  0%| F|  |TAMS 0x0000000721600000| PB 0x0000000721600000| Untracked 
| 256|0x0000000721800000, 0x0000000721800000, 0x0000000721a00000|  0%| F|  |TAMS 0x0000000721800000| PB 0x0000000721800000| Untracked 
| 257|0x0000000721a00000, 0x0000000721a00000, 0x0000000721c00000|  0%| F|  |TAMS 0x0000000721a00000| PB 0x0000000721a00000| Untracked 
| 258|0x0000000721c00000, 0x0000000721c00000, 0x0000000721e00000|  0%| F|  |TAMS 0x0000000721c00000| PB 0x0000000721c00000| Untracked 
| 259|0x0000000721e00000, 0x0000000721e00000, 0x0000000722000000|  0%| F|  |TAMS 0x0000000721e00000| PB 0x0000000721e00000| Untracked 
| 260|0x0000000722000000, 0x0000000722000000, 0x0000000722200000|  0%| F|  |TAMS 0x0000000722000000| PB 0x0000000722000000| Untracked 
| 261|0x0000000722200000, 0x0000000722200000, 0x0000000722400000|  0%| F|  |TAMS 0x0000000722200000| PB 0x0000000722200000| Untracked 
| 262|0x0000000722400000, 0x0000000722400000, 0x0000000722600000|  0%| F|  |TAMS 0x0000000722400000| PB 0x0000000722400000| Untracked 
| 263|0x0000000722600000, 0x0000000722600000, 0x0000000722800000|  0%| F|  |TAMS 0x0000000722600000| PB 0x0000000722600000| Untracked 
| 264|0x0000000722800000, 0x0000000722800000, 0x0000000722a00000|  0%| F|  |TAMS 0x0000000722800000| PB 0x0000000722800000| Untracked 
| 265|0x0000000722a00000, 0x0000000722a00000, 0x0000000722c00000|  0%| F|  |TAMS 0x0000000722a00000| PB 0x0000000722a00000| Untracked 
| 266|0x0000000722c00000, 0x0000000722c00000, 0x0000000722e00000|  0%| F|  |TAMS 0x0000000722c00000| PB 0x0000000722c00000| Untracked 
| 267|0x0000000722e00000, 0x0000000722e00000, 0x0000000723000000|  0%| F|  |TAMS 0x0000000722e00000| PB 0x0000000722e00000| Untracked 
| 268|0x0000000723000000, 0x0000000723000000, 0x0000000723200000|  0%| F|  |TAMS 0x0000000723000000| PB 0x0000000723000000| Untracked 
| 269|0x0000000723200000, 0x0000000723200000, 0x0000000723400000|  0%| F|  |TAMS 0x0000000723200000| PB 0x0000000723200000| Untracked 
| 270|0x0000000723400000, 0x0000000723400000, 0x0000000723600000|  0%| F|  |TAMS 0x0000000723400000| PB 0x0000000723400000| Untracked 
| 271|0x0000000723600000, 0x0000000723600000, 0x0000000723800000|  0%| F|  |TAMS 0x0000000723600000| PB 0x0000000723600000| Untracked 
| 272|0x0000000723800000, 0x0000000723800000, 0x0000000723a00000|  0%| F|  |TAMS 0x0000000723800000| PB 0x0000000723800000| Untracked 
| 273|0x0000000723a00000, 0x0000000723a00000, 0x0000000723c00000|  0%| F|  |TAMS 0x0000000723a00000| PB 0x0000000723a00000| Untracked 
| 274|0x0000000723c00000, 0x0000000723c00000, 0x0000000723e00000|  0%| F|  |TAMS 0x0000000723c00000| PB 0x0000000723c00000| Untracked 
| 275|0x0000000723e00000, 0x0000000723e00000, 0x0000000724000000|  0%| F|  |TAMS 0x0000000723e00000| PB 0x0000000723e00000| Untracked 
| 276|0x0000000724000000, 0x00000007241d30f0, 0x0000000724200000| 91%| S|CS|TAMS 0x0000000724000000| PB 0x0000000724000000| Complete 
| 277|0x0000000724200000, 0x0000000724200000, 0x0000000724400000|  0%| F|  |TAMS 0x0000000724200000| PB 0x0000000724200000| Untracked 
| 278|0x0000000724400000, 0x0000000724400000, 0x0000000724600000|  0%| F|  |TAMS 0x0000000724400000| PB 0x0000000724400000| Untracked 
| 279|0x0000000724600000, 0x0000000724600000, 0x0000000724800000|  0%| F|  |TAMS 0x0000000724600000| PB 0x0000000724600000| Untracked 
| 280|0x0000000724800000, 0x0000000724800000, 0x0000000724a00000|  0%| F|  |TAMS 0x0000000724800000| PB 0x0000000724800000| Untracked 
| 281|0x0000000724a00000, 0x0000000724a00000, 0x0000000724c00000|  0%| F|  |TAMS 0x0000000724a00000| PB 0x0000000724a00000| Untracked 
| 282|0x0000000724c00000, 0x0000000724d03fd0, 0x0000000724e00000| 50%| E|  |TAMS 0x0000000724c00000| PB 0x0000000724c00000| Complete 
| 283|0x0000000724e00000, 0x0000000725000000, 0x0000000725000000|100%| E|CS|TAMS 0x0000000724e00000| PB 0x0000000724e00000| Complete 
| 284|0x0000000725000000, 0x0000000725200000, 0x0000000725200000|100%| E|CS|TAMS 0x0000000725000000| PB 0x0000000725000000| Complete 
| 285|0x0000000725200000, 0x0000000725400000, 0x0000000725400000|100%| E|CS|TAMS 0x0000000725200000| PB 0x0000000725200000| Complete 
| 286|0x0000000725400000, 0x0000000725600000, 0x0000000725600000|100%| E|CS|TAMS 0x0000000725400000| PB 0x0000000725400000| Complete 
| 287|0x0000000725600000, 0x0000000725800000, 0x0000000725800000|100%| E|CS|TAMS 0x0000000725600000| PB 0x0000000725600000| Complete 
| 288|0x0000000725800000, 0x0000000725a00000, 0x0000000725a00000|100%| E|CS|TAMS 0x0000000725800000| PB 0x0000000725800000| Complete 
| 289|0x0000000725a00000, 0x0000000725c00000, 0x0000000725c00000|100%| E|CS|TAMS 0x0000000725a00000| PB 0x0000000725a00000| Complete 
| 290|0x0000000725c00000, 0x0000000725e00000, 0x0000000725e00000|100%| E|CS|TAMS 0x0000000725c00000| PB 0x0000000725c00000| Complete 
| 291|0x0000000725e00000, 0x0000000726000000, 0x0000000726000000|100%| E|CS|TAMS 0x0000000725e00000| PB 0x0000000725e00000| Complete 
| 292|0x0000000726000000, 0x0000000726200000, 0x0000000726200000|100%| E|CS|TAMS 0x0000000726000000| PB 0x0000000726000000| Complete 
| 293|0x0000000726200000, 0x0000000726400000, 0x0000000726400000|100%| E|CS|TAMS 0x0000000726200000| PB 0x0000000726200000| Complete 
| 294|0x0000000726400000, 0x0000000726600000, 0x0000000726600000|100%| E|CS|TAMS 0x0000000726400000| PB 0x0000000726400000| Complete 
| 295|0x0000000726600000, 0x0000000726800000, 0x0000000726800000|100%| E|CS|TAMS 0x0000000726600000| PB 0x0000000726600000| Complete 
| 296|0x0000000726800000, 0x0000000726a00000, 0x0000000726a00000|100%| E|CS|TAMS 0x0000000726800000| PB 0x0000000726800000| Complete 
| 297|0x0000000726a00000, 0x0000000726c00000, 0x0000000726c00000|100%| E|CS|TAMS 0x0000000726a00000| PB 0x0000000726a00000| Complete 
| 298|0x0000000726c00000, 0x0000000726e00000, 0x0000000726e00000|100%| E|CS|TAMS 0x0000000726c00000| PB 0x0000000726c00000| Complete 
| 299|0x0000000726e00000, 0x0000000727000000, 0x0000000727000000|100%| E|CS|TAMS 0x0000000726e00000| PB 0x0000000726e00000| Complete 
| 300|0x0000000727000000, 0x0000000727200000, 0x0000000727200000|100%| E|CS|TAMS 0x0000000727000000| PB 0x0000000727000000| Complete 
| 301|0x0000000727200000, 0x0000000727400000, 0x0000000727400000|100%| E|CS|TAMS 0x0000000727200000| PB 0x0000000727200000| Complete 
| 302|0x0000000727400000, 0x0000000727600000, 0x0000000727600000|100%| E|CS|TAMS 0x0000000727400000| PB 0x0000000727400000| Complete 
| 303|0x0000000727600000, 0x0000000727800000, 0x0000000727800000|100%| E|CS|TAMS 0x0000000727600000| PB 0x0000000727600000| Complete 
| 304|0x0000000727800000, 0x0000000727a00000, 0x0000000727a00000|100%| E|CS|TAMS 0x0000000727800000| PB 0x0000000727800000| Complete 
| 305|0x0000000727a00000, 0x0000000727c00000, 0x0000000727c00000|100%| E|CS|TAMS 0x0000000727a00000| PB 0x0000000727a00000| Complete 
| 306|0x0000000727c00000, 0x0000000727e00000, 0x0000000727e00000|100%| E|CS|TAMS 0x0000000727c00000| PB 0x0000000727c00000| Complete 
| 307|0x0000000727e00000, 0x0000000728000000, 0x0000000728000000|100%| E|CS|TAMS 0x0000000727e00000| PB 0x0000000727e00000| Complete 
| 308|0x0000000728000000, 0x0000000728200000, 0x0000000728200000|100%| E|CS|TAMS 0x0000000728000000| PB 0x0000000728000000| Complete 
| 309|0x0000000728200000, 0x0000000728400000, 0x0000000728400000|100%| E|CS|TAMS 0x0000000728200000| PB 0x0000000728200000| Complete 
| 310|0x0000000728400000, 0x0000000728600000, 0x0000000728600000|100%| E|CS|TAMS 0x0000000728400000| PB 0x0000000728400000| Complete 
| 311|0x0000000728600000, 0x0000000728800000, 0x0000000728800000|100%| E|CS|TAMS 0x0000000728600000| PB 0x0000000728600000| Complete 
| 312|0x0000000728800000, 0x0000000728a00000, 0x0000000728a00000|100%| E|CS|TAMS 0x0000000728800000| PB 0x0000000728800000| Complete 
| 313|0x0000000728a00000, 0x0000000728c00000, 0x0000000728c00000|100%| E|CS|TAMS 0x0000000728a00000| PB 0x0000000728a00000| Complete 
| 314|0x0000000728c00000, 0x0000000728e00000, 0x0000000728e00000|100%| E|CS|TAMS 0x0000000728c00000| PB 0x0000000728c00000| Complete 
| 315|0x0000000728e00000, 0x0000000729000000, 0x0000000729000000|100%| E|CS|TAMS 0x0000000728e00000| PB 0x0000000728e00000| Complete 
| 316|0x0000000729000000, 0x0000000729200000, 0x0000000729200000|100%| E|CS|TAMS 0x0000000729000000| PB 0x0000000729000000| Complete 

Card table byte_map: [0x0000028d32ea0000,0x0000028d336a0000] _byte_map_base: 0x0000028d2f694000

Marking Bits: (CMBitMap*) 0x0000028d1375eb10
 Bits: [0x0000028d336a0000, 0x0000028d37640000)

Polling page: 0x0000028d10f90000

Metaspace:

Usage:
  Non-class:     94.29 MB used.
      Class:     16.04 MB used.
       Both:    110.33 MB used.

Virtual space:
  Non-class space:      128.00 MB reserved,      94.62 MB ( 74%) committed,  2 nodes.
      Class space:        1.00 GB reserved,      16.31 MB (  2%) committed,  1 nodes.
             Both:        1.12 GB reserved,     110.94 MB ( 10%) committed. 

Chunk freelists:
   Non-Class:  917.00 KB
       Class:  15.60 MB
        Both:  16.50 MB

MaxMetaspaceSize: unlimited
CompressedClassSpaceSize: 1.00 GB
Initial GC threshold: 21.00 MB
Current GC threshold: 184.81 MB
CDS: on
 - commit_granule_bytes: 65536.
 - commit_granule_words: 8192.
 - virtual_space_node_default_size: 8388608.
 - enlarge_chunks_in_place: 1.
 - use_allocation_guard: 0.


Internal statistics:

num_allocs_failed_limit: 12.
num_arena_births: 1602.
num_arena_deaths: 864.
num_vsnodes_births: 3.
num_vsnodes_deaths: 0.
num_space_committed: 1768.
num_space_uncommitted: 0.
num_chunks_returned_to_freelist: 1094.
num_chunks_taken_from_freelist: 5350.
num_chunk_merges: 271.
num_chunk_splits: 3407.
num_chunks_enlarged: 2521.
num_inconsistent_stats: 0.

CodeHeap 'non-profiled nmethods': size=120000Kb used=25178Kb max_used=25890Kb free=94821Kb
 bounds [0x0000028d2b970000, 0x0000028d2d2d0000, 0x0000028d32ea0000]
CodeHeap 'profiled nmethods': size=120000Kb used=24000Kb max_used=35282Kb free=95999Kb
 bounds [0x0000028d23ea0000, 0x0000028d26120000, 0x0000028d2b3d0000]
CodeHeap 'non-nmethods': size=5760Kb used=2401Kb max_used=2533Kb free=3358Kb
 bounds [0x0000028d2b3d0000, 0x0000028d2b680000, 0x0000028d2b970000]
 total_blobs=14222 nmethods=12922 adapters=1194
 compilation: enabled
              stopped_count=0, restarted_count=0
 full_count=0

Compilation events (20 events):
Event: 36562.097 Thread 0x0000028d1b40ebe0 70296 %     4       java.util.LinkedList::toArray @ 37 (81 bytes)
Event: 36562.103 Thread 0x0000028d1b40ebe0 nmethod 70296% 0x0000028d2baa9390 code [0x0000028d2baa9540, 0x0000028d2baa9ac8]
Event: 36562.194 Thread 0x0000028d1b40ebe0 70297       4       ui.project.n::daZ (23 bytes)
Event: 36562.195 Thread 0x0000028d1b40ebe0 nmethod 70297 0x0000028d2c247190 code [0x0000028d2c247340, 0x0000028d2c247490]
Event: 36563.792 Thread 0x0000028d1b40f680 70298       3       ui.views.ct::cr (180 bytes)
Event: 36563.795 Thread 0x0000028d1b40f680 nmethod 70298 0x0000028d242b5510 code [0x0000028d242b5bc0, 0x0000028d242b91b0]
Event: 36563.877 Thread 0x0000028d1b40f680 70299       3       com.jidesoft.document.TdiGroup::getSelectedDocument (5 bytes)
Event: 36563.877 Thread 0x0000028d1b40f680 nmethod 70299 0x0000028d240ed390 code [0x0000028d240ed560, 0x0000028d240edc10]
Event: 36563.877 Thread 0x0000028d1b40f680 70300       3       java.util.ArrayList::listIterator (10 bytes)
Event: 36563.877 Thread 0x0000028d1b40f680 nmethod 70300 0x0000028d252e1e10 code [0x0000028d252e1fc0, 0x0000028d252e2320]
Event: 36563.926 Thread 0x0000028d1b40f680 70301       3       javax.swing.MenuSelectionManager::getSelectedPath (48 bytes)
Event: 36563.927 Thread 0x0000028d1b40f680 nmethod 70301 0x0000028d24799f10 code [0x0000028d2479a100, 0x0000028d2479aa08]
Event: 36563.942 Thread 0x0000028d1b40ebe0 70302       4       de.javasoft.plaf.synthetica.SyntheticaLookAndFeel::findOpaqueParentOfClass (66 bytes)
Event: 36563.945 Thread 0x0000028d1b40ebe0 nmethod 70302 0x0000028d2bf45c10 code [0x0000028d2bf45dc0, 0x0000028d2bf46070]
Event: 36564.286 Thread 0x0000028d1b40f680 70303       3       ui.views.ca::refresh (80 bytes)
Event: 36564.288 Thread 0x0000028d1b40f680 nmethod 70303 0x0000028d2432c710 code [0x0000028d2432cc80, 0x0000028d2432ff28]
Event: 36564.288 Thread 0x0000028d1b40f680 70304       3       ui.views.p::a (24 bytes)
Event: 36564.288 Thread 0x0000028d1b40f680 nmethod 70304 0x0000028d24182110 code [0x0000028d24182300, 0x0000028d24182988]
Event: 36564.288 Thread 0x0000028d1b40f680 70305       3       ui.views.P.h.d::handleEvent (64 bytes)
Event: 36564.288 Thread 0x0000028d1b40f680 nmethod 70305 0x0000028d24eb8b90 code [0x0000028d24eb8da0, 0x0000028d24eb9650]

GC Heap History (20 events):
Event: 36500.175 GC heap before
{Heap before GC invocations=641 (full 154):
 garbage-first heap   total 649216K, used 279104K [0x0000000701800000, 0x0000000800000000)
  region size 2048K, 40 young (81920K), 1 survivors (2048K)
 Metaspace       used 112860K, committed 113536K, reserved 1179648K
  class space    used 16418K, committed 16704K, reserved 1048576K
}
Event: 36500.178 GC heap after
{Heap after GC invocations=642 (full 154):
 garbage-first heap   total 649216K, used 199528K [0x0000000701800000, 0x0000000800000000)
  region size 2048K, 1 young (2048K), 1 survivors (2048K)
 Metaspace       used 112860K, committed 113536K, reserved 1179648K
  class space    used 16418K, committed 16704K, reserved 1048576K
}
Event: 36504.164 GC heap before
{Heap before GC invocations=642 (full 154):
 garbage-first heap   total 649216K, used 279400K [0x0000000701800000, 0x0000000800000000)
  region size 2048K, 40 young (81920K), 1 survivors (2048K)
 Metaspace       used 112860K, committed 113536K, reserved 1179648K
  class space    used 16418K, committed 16704K, reserved 1048576K
}
Event: 36504.166 GC heap after
{Heap after GC invocations=643 (full 154):
 garbage-first heap   total 649216K, used 199438K [0x0000000701800000, 0x0000000800000000)
  region size 2048K, 1 young (2048K), 1 survivors (2048K)
 Metaspace       used 112860K, committed 113536K, reserved 1179648K
  class space    used 16418K, committed 16704K, reserved 1048576K
}
Event: 36511.710 GC heap before
{Heap before GC invocations=643 (full 154):
 garbage-first heap   total 649216K, used 279310K [0x0000000701800000, 0x0000000800000000)
  region size 2048K, 40 young (81920K), 1 survivors (2048K)
 Metaspace       used 112872K, committed 113536K, reserved 1179648K
  class space    used 16418K, committed 16704K, reserved 1048576K
}
Event: 36511.714 GC heap after
{Heap after GC invocations=644 (full 154):
 garbage-first heap   total 649216K, used 199927K [0x0000000701800000, 0x0000000800000000)
  region size 2048K, 1 young (2048K), 1 survivors (2048K)
 Metaspace       used 112872K, committed 113536K, reserved 1179648K
  class space    used 16418K, committed 16704K, reserved 1048576K
}
Event: 36521.332 GC heap before
{Heap before GC invocations=644 (full 154):
 garbage-first heap   total 649216K, used 279799K [0x0000000701800000, 0x0000000800000000)
  region size 2048K, 40 young (81920K), 1 survivors (2048K)
 Metaspace       used 112879K, committed 113536K, reserved 1179648K
  class space    used 16418K, committed 16704K, reserved 1048576K
}
Event: 36521.335 GC heap after
{Heap after GC invocations=645 (full 154):
 garbage-first heap   total 649216K, used 200001K [0x0000000701800000, 0x0000000800000000)
  region size 2048K, 1 young (2048K), 1 survivors (2048K)
 Metaspace       used 112879K, committed 113536K, reserved 1179648K
  class space    used 16418K, committed 16704K, reserved 1048576K
}
Event: 36534.057 GC heap before
{Heap before GC invocations=645 (full 154):
 garbage-first heap   total 649216K, used 279873K [0x0000000701800000, 0x0000000800000000)
  region size 2048K, 40 young (81920K), 1 survivors (2048K)
 Metaspace       used 112879K, committed 113536K, reserved 1179648K
  class space    used 16418K, committed 16704K, reserved 1048576K
}
Event: 36534.060 GC heap after
{Heap after GC invocations=646 (full 154):
 garbage-first heap   total 649216K, used 199995K [0x0000000701800000, 0x0000000800000000)
  region size 2048K, 1 young (2048K), 1 survivors (2048K)
 Metaspace       used 112879K, committed 113536K, reserved 1179648K
  class space    used 16418K, committed 16704K, reserved 1048576K
}
Event: 36535.362 GC heap before
{Heap before GC invocations=646 (full 154):
 garbage-first heap   total 649216K, used 279867K [0x0000000701800000, 0x0000000800000000)
  region size 2048K, 40 young (81920K), 1 survivors (2048K)
 Metaspace       used 112880K, committed 113536K, reserved 1179648K
  class space    used 16418K, committed 16704K, reserved 1048576K
}
Event: 36535.366 GC heap after
{Heap after GC invocations=647 (full 154):
 garbage-first heap   total 649216K, used 200110K [0x0000000701800000, 0x0000000800000000)
  region size 2048K, 1 young (2048K), 1 survivors (2048K)
 Metaspace       used 112880K, committed 113536K, reserved 1179648K
  class space    used 16418K, committed 16704K, reserved 1048576K
}
Event: 36551.387 GC heap before
{Heap before GC invocations=647 (full 154):
 garbage-first heap   total 649216K, used 279982K [0x0000000701800000, 0x0000000800000000)
  region size 2048K, 40 young (81920K), 1 survivors (2048K)
 Metaspace       used 112954K, committed 113600K, reserved 1179648K
  class space    used 16429K, committed 16704K, reserved 1048576K
}
Event: 36551.390 GC heap after
{Heap after GC invocations=648 (full 154):
 garbage-first heap   total 649216K, used 200301K [0x0000000701800000, 0x0000000800000000)
  region size 2048K, 1 young (2048K), 1 survivors (2048K)
 Metaspace       used 112954K, committed 113600K, reserved 1179648K
  class space    used 16429K, committed 16704K, reserved 1048576K
}
Event: 36557.160 GC heap before
{Heap before GC invocations=648 (full 154):
 garbage-first heap   total 649216K, used 280173K [0x0000000701800000, 0x0000000800000000)
  region size 2048K, 40 young (81920K), 1 survivors (2048K)
 Metaspace       used 112959K, committed 113600K, reserved 1179648K
  class space    used 16429K, committed 16704K, reserved 1048576K
}
Event: 36557.162 GC heap after
{Heap after GC invocations=649 (full 154):
 garbage-first heap   total 649216K, used 200500K [0x0000000701800000, 0x0000000800000000)
  region size 2048K, 1 young (2048K), 1 survivors (2048K)
 Metaspace       used 112959K, committed 113600K, reserved 1179648K
  class space    used 16429K, committed 16704K, reserved 1048576K
}
Event: 36561.029 GC heap before
{Heap before GC invocations=649 (full 154):
 garbage-first heap   total 649216K, used 280372K [0x0000000701800000, 0x0000000800000000)
  region size 2048K, 40 young (81920K), 1 survivors (2048K)
 Metaspace       used 112965K, committed 113600K, reserved 1179648K
  class space    used 16429K, committed 16704K, reserved 1048576K
}
Event: 36561.033 GC heap after
{Heap after GC invocations=650 (full 154):
 garbage-first heap   total 649216K, used 200628K [0x0000000701800000, 0x0000000800000000)
  region size 2048K, 1 young (2048K), 1 survivors (2048K)
 Metaspace       used 112965K, committed 113600K, reserved 1179648K
  class space    used 16429K, committed 16704K, reserved 1048576K
}
Event: 36561.528 GC heap before
{Heap before GC invocations=650 (full 154):
 garbage-first heap   total 649216K, used 280500K [0x0000000701800000, 0x0000000800000000)
  region size 2048K, 40 young (81920K), 1 survivors (2048K)
 Metaspace       used 112973K, committed 113600K, reserved 1179648K
  class space    used 16429K, committed 16704K, reserved 1048576K
}
Event: 36561.531 GC heap after
{Heap after GC invocations=651 (full 154):
 garbage-first heap   total 649216K, used 200672K [0x0000000701800000, 0x0000000800000000)
  region size 2048K, 1 young (2048K), 1 survivors (2048K)
 Metaspace       used 112973K, committed 113600K, reserved 1179648K
  class space    used 16429K, committed 16704K, reserved 1048576K
}

Dll operation events (20 events):
Event: 7.913 Loaded shared library C:\Xilinx\Vivado\2024.2\lib\win64.o\xv_ipservicestasks.dll
Event: 7.915 Loaded shared library C:\Xilinx\Vivado\2024.2\lib\win64.o\xv_vivadotasks.dll
Event: 7.916 Loaded shared library C:\Xilinx\Vivado\2024.2\lib\win64.o\xv_board.dll
Event: 7.916 Loaded shared library C:\Xilinx\Vivado\2024.2\lib\win64.o\xv_boarddep.dll
Event: 7.917 Loaded shared library C:\Xilinx\Vivado\2024.2\lib\win64.o\xv_boardcommontasks.dll
Event: 7.918 Loaded shared library C:\Xilinx\Vivado\2024.2\lib\win64.o\xv_ptgen.dll
Event: 7.919 Loaded shared library C:\Xilinx\Vivado\2024.2\lib\win64.o\xv_ip.dll
Event: 7.920 Loaded shared library C:\Xilinx\Vivado\2024.2\lib\win64.o\xv_mig.dll
Event: 7.921 Loaded shared library C:\Xilinx\Vivado\2024.2\lib\win64.o\xv_implflow.dll
Event: 7.923 Loaded shared library C:\Xilinx\Vivado\2024.2\lib\win64.o\xv_xhubtasks.dll
Event: 8.022 Loaded shared library C:\Xilinx\Vivado\2024.2\lib\win64.o\xv_iptasks.dll
Event: 8.023 Loaded shared library C:\Xilinx\Vivado\2024.2\lib\win64.o\xv_synth.dll
Event: 15.059 Loaded shared library C:\Xilinx\Vivado\2024.2\tps\win64\jre21.0.1_12\bin\verify.dll
Event: 15.637 Loaded shared library C:\Xilinx\Vivado\2024.2\tps\win64\jre21.0.1_12\bin\freetype.dll
Event: 15.712 Loaded shared library C:\Xilinx\Vivado\2024.2\tps\win64\jre21.0.1_12\bin\fontmanager.dll
Event: 32.729 Loaded shared library C:\Xilinx\Vivado\2024.2\lib\win64.o\xv_xhub.dll
Event: 41.266 Loaded shared library C:\Xilinx\Vivado\2024.2\tps\win64\jre21.0.1_12\bin\management.dll
Event: 41.272 Loaded shared library C:\Xilinx\Vivado\2024.2\tps\win64\jre21.0.1_12\bin\management_ext.dll
Event: 1916.809 Loaded shared library C:\Xilinx\Vivado\2024.2\tps\win64\jre21.0.1_12\bin\javajpeg.dll
Event: 1916.903 Loaded shared library C:\Xilinx\Vivado\2024.2\tps\win64\jre21.0.1_12\bin\lcms.dll

Deoptimization events (20 events):
Event: 36542.163 Thread 0x0000028d7fbd2f10 Uncommon trap: trap_request=0xffffffc6 fr.pc=0x0000028d2c5183f4 relative=0x00000000000016f4
Event: 36542.163 Thread 0x0000028d7fbd2f10 Uncommon trap: reason=bimorphic_or_optimized_type_check action=maybe_recompile pc=0x0000028d2c5183f4 method=javax.swing.JComponent.processKeyBindings(Ljava/awt/event/KeyEvent;Z)Z @ 111 c2
Event: 36542.163 Thread 0x0000028d7fbd2f10 DEOPT PACKING pc=0x0000028d2c5183f4 sp=0x000000f4a60fe920
Event: 36542.163 Thread 0x0000028d7fbd2f10 DEOPT UNPACKING pc=0x0000028d2b4246a2 sp=0x000000f4a60fe900 mode 2
Event: 36542.271 Thread 0x0000028d7fbd2f10 Uncommon trap: trap_request=0xffffffc6 fr.pc=0x0000028d2d0dfd1c relative=0x00000000000000dc
Event: 36542.271 Thread 0x0000028d7fbd2f10 Uncommon trap: reason=bimorphic_or_optimized_type_check action=maybe_recompile pc=0x0000028d2d0dfd1c method=javax.swing.KeyboardManager.fireBinding(Ljavax/swing/JComponent;Ljavax/swing/KeyStroke;Ljava/awt/event/KeyEvent;Z)V @ 6 c2
Event: 36542.271 Thread 0x0000028d7fbd2f10 DEOPT PACKING pc=0x0000028d2d0dfd1c sp=0x000000f4a60fe7f0
Event: 36542.271 Thread 0x0000028d7fbd2f10 DEOPT UNPACKING pc=0x0000028d2b4246a2 sp=0x000000f4a60fe758 mode 2
Event: 36542.274 Thread 0x0000028d7fbd2f10 Uncommon trap: trap_request=0xffffff45 fr.pc=0x0000028d2d0e4040 relative=0x0000000000001740
Event: 36542.274 Thread 0x0000028d7fbd2f10 Uncommon trap: reason=unstable_if action=reinterpret pc=0x0000028d2d0e4040 method=javax.swing.KeyboardManager.fireKeyboardAction(Ljava/awt/event/KeyEvent;ZLjava/awt/Container;)Z @ 316 c2
Event: 36542.274 Thread 0x0000028d7fbd2f10 DEOPT PACKING pc=0x0000028d2d0e4040 sp=0x000000f4a60fe830
Event: 36542.274 Thread 0x0000028d7fbd2f10 DEOPT UNPACKING pc=0x0000028d2b4246a2 sp=0x000000f4a60fe7f8 mode 2
Event: 36543.779 Thread 0x0000028d7fbd2f10 Uncommon trap: trap_request=0xffffffc6 fr.pc=0x0000028d2d0dfd1c relative=0x00000000000000dc
Event: 36543.779 Thread 0x0000028d7fbd2f10 Uncommon trap: reason=bimorphic_or_optimized_type_check action=maybe_recompile pc=0x0000028d2d0dfd1c method=javax.swing.KeyboardManager.fireBinding(Ljavax/swing/JComponent;Ljavax/swing/KeyStroke;Ljava/awt/event/KeyEvent;Z)V @ 6 c2
Event: 36543.779 Thread 0x0000028d7fbd2f10 DEOPT PACKING pc=0x0000028d2d0dfd1c sp=0x000000f4a60fe7c0
Event: 36543.780 Thread 0x0000028d7fbd2f10 DEOPT UNPACKING pc=0x0000028d2b4246a2 sp=0x000000f4a60fe750 mode 2
Event: 36558.205 Thread 0x0000028d7fbd2f10 Uncommon trap: trap_request=0xffffffc6 fr.pc=0x0000028d2c715fa0 relative=0x0000000000007660
Event: 36558.205 Thread 0x0000028d7fbd2f10 Uncommon trap: reason=bimorphic_or_optimized_type_check action=maybe_recompile pc=0x0000028d2c715fa0 method=com.jidesoft.plaf.basic.BasicJideTabbedPaneUI.setVisibleComponent(Ljava/awt/Component;)V @ 50 c2
Event: 36558.205 Thread 0x0000028d7fbd2f10 DEOPT PACKING pc=0x0000028d2c715fa0 sp=0x000000f4a60fecf0
Event: 36558.205 Thread 0x0000028d7fbd2f10 DEOPT UNPACKING pc=0x0000028d2b4246a2 sp=0x000000f4a60febb8 mode 2

Classes loaded (20 events):
Event: 28251.471 Loading class java/nio/file/NoSuchFileException
Event: 28251.471 Loading class java/nio/file/FileSystemException
Event: 28251.472 Loading class java/nio/file/FileSystemException done
Event: 28251.472 Loading class java/nio/file/NoSuchFileException done
Event: 32092.162 Loading class javax/swing/JList$5
Event: 32092.162 Loading class javax/swing/JList$5 done
Event: 32092.163 Loading class java/awt/dnd/DnDEventMulticaster
Event: 32092.165 Loading class java/awt/dnd/DragSourceMotionListener
Event: 32092.165 Loading class java/awt/dnd/DragSourceMotionListener done
Event: 32092.165 Loading class java/awt/dnd/DnDEventMulticaster done
Event: 34316.132 Loading class javax/swing/PopupFactory$HeavyWeightPopup
Event: 34316.133 Loading class javax/swing/PopupFactory$HeavyWeightPopup done
Event: 34316.147 Loading class javax/swing/Popup$DefaultFrame
Event: 34316.147 Loading class javax/swing/Popup$DefaultFrame done
Event: 34316.148 Loading class javax/swing/PopupFactory$HeavyWeightPopup$1
Event: 34316.148 Loading class javax/swing/PopupFactory$HeavyWeightPopup$1 done
Event: 34515.081 Loading class sun/util/locale/LocaleExtensions
Event: 34515.084 Loading class sun/util/locale/LocaleExtensions done
Event: 36542.273 Loading class javax/swing/plaf/basic/BasicButtonListener$Actions
Event: 36542.274 Loading class javax/swing/plaf/basic/BasicButtonListener$Actions done

Classes unloaded (20 events):
Event: 36453.633 Thread 0x0000028d1b3da660 Unloading class 0x0000028d3b499800 'java/lang/invoke/LambdaForm$MH+0x0000028d3b499800'
Event: 36453.633 Thread 0x0000028d1b3da660 Unloading class 0x0000028d3b388c00 'java/lang/invoke/LambdaForm$MH+0x0000028d3b388c00'
Event: 36453.633 Thread 0x0000028d1b3da660 Unloading class 0x0000028d3b2d6c00 'java/lang/invoke/LambdaForm$MH+0x0000028d3b2d6c00'
Event: 36453.633 Thread 0x0000028d1b3da660 Unloading class 0x0000028d3b775000 'java/lang/invoke/LambdaForm$MH+0x0000028d3b775000'
Event: 36453.633 Thread 0x0000028d1b3da660 Unloading class 0x0000028d3c04d400 'java/lang/invoke/LambdaForm$MH+0x0000028d3c04d400'
Event: 36453.633 Thread 0x0000028d1b3da660 Unloading class 0x0000028d3c04f800 'java/lang/invoke/LambdaForm$MH+0x0000028d3c04f800'
Event: 36453.633 Thread 0x0000028d1b3da660 Unloading class 0x0000028d3bdfa400 'java/lang/invoke/LambdaForm$MH+0x0000028d3bdfa400'
Event: 36453.633 Thread 0x0000028d1b3da660 Unloading class 0x0000028d3beb8800 'java/lang/invoke/LambdaForm$MH+0x0000028d3beb8800'
Event: 36453.633 Thread 0x0000028d1b3da660 Unloading class 0x0000028d3bf02400 'java/lang/invoke/LambdaForm$MH+0x0000028d3bf02400'
Event: 36453.633 Thread 0x0000028d1b3da660 Unloading class 0x0000028d3bf03800 'java/lang/invoke/LambdaForm$MH+0x0000028d3bf03800'
Event: 36453.633 Thread 0x0000028d1b3da660 Unloading class 0x0000028d3b00dc00 'java/lang/invoke/LambdaForm$MH+0x0000028d3b00dc00'
Event: 36453.633 Thread 0x0000028d1b3da660 Unloading class 0x0000028d3b0c8800 'java/lang/invoke/LambdaForm$BMH+0x0000028d3b0c8800'
Event: 36453.633 Thread 0x0000028d1b3da660 Unloading class 0x0000028d3b013000 'java/lang/invoke/LambdaForm$MH+0x0000028d3b013000'
Event: 36453.633 Thread 0x0000028d1b3da660 Unloading class 0x0000028d3c051800 'java/lang/invoke/LambdaForm$MH+0x0000028d3c051800'
Event: 36453.633 Thread 0x0000028d1b3da660 Unloading class 0x0000028d3c052c00 'java/lang/invoke/LambdaForm$MH+0x0000028d3c052c00'
Event: 36453.633 Thread 0x0000028d1b3da660 Unloading class 0x0000028d3c058c00 'java/lang/invoke/LambdaForm$MH+0x0000028d3c058c00'
Event: 36453.633 Thread 0x0000028d1b3da660 Unloading class 0x0000028d3c05a000 'java/lang/invoke/LambdaForm$MH+0x0000028d3c05a000'
Event: 36453.633 Thread 0x0000028d1b3da660 Unloading class 0x0000028d3b785400 'java/lang/invoke/LambdaForm$MH+0x0000028d3b785400'
Event: 36453.633 Thread 0x0000028d1b3da660 Unloading class 0x0000028d3b783c00 'java/lang/invoke/LambdaForm$MH+0x0000028d3b783c00'
Event: 36453.633 Thread 0x0000028d1b3da660 Unloading class 0x0000028d3b763c00 'java/lang/invoke/LambdaForm$MH+0x0000028d3b763c00'

Classes redefined (0 events):
No events

Internal exceptions (20 events):
Event: 34703.091 Thread 0x0000028d7fbd42c0 Exception <a 'java/lang/InterruptedException'{0x0000000727d63d70}: sleep interrupted> (0x0000000727d63d70) 
thrown [s\src\hotspot\share\prims\jvm.cpp, line 3052]
Event: 34721.968 Thread 0x0000028e0a51b6f0 Exception <a 'java/lang/InterruptedException'{0x00000007285c2898}: sleep interrupted> (0x00000007285c2898) 
thrown [s\src\hotspot\share\prims\jvm.cpp, line 3074]
Event: 34725.379 Thread 0x0000028dfa19bff0 Exception <a 'java/lang/InterruptedException'{0x0000000728a05d38}: sleep interrupted> (0x0000000728a05d38) 
thrown [s\src\hotspot\share\prims\jvm.cpp, line 3052]
Event: 34727.716 Thread 0x0000028d7fbd2f10 Exception <a 'sun/nio/fs/WindowsException'{0x0000000727e26dd0}> (0x0000000727e26dd0) 
thrown [s\src\hotspot\share\prims\jni.cpp, line 520]
Event: 34728.320 Thread 0x0000028d7fbd2f10 Exception <a 'sun/nio/fs/WindowsException'{0x00000007251312c8}> (0x00000007251312c8) 
thrown [s\src\hotspot\share\prims\jni.cpp, line 520]
Event: 35230.501 Thread 0x0000028d7fbd6a20 Exception <a 'java/lang/InterruptedException'{0x0000000727accf90}: sleep interrupted> (0x0000000727accf90) 
thrown [s\src\hotspot\share\prims\jvm.cpp, line 3074]
Event: 35233.225 Thread 0x0000028e0a527540 Exception <a 'java/lang/InterruptedException'{0x00000007287a33b0}: sleep interrupted> (0x00000007287a33b0) 
thrown [s\src\hotspot\share\prims\jvm.cpp, line 3074]
Event: 35633.808 Thread 0x0000028dfa199f20 Exception <a 'java/lang/InterruptedException'{0x0000000725d708e8}: sleep interrupted> (0x0000000725d708e8) 
thrown [s\src\hotspot\share\prims\jvm.cpp, line 3074]
Event: 35904.045 Thread 0x0000028d7fbd2f10 Exception <a 'sun/nio/fs/WindowsException'{0x000000072642b6d8}> (0x000000072642b6d8) 
thrown [s\src\hotspot\share\prims\jni.cpp, line 520]
Event: 35904.530 Thread 0x0000028d7fbd2f10 Exception <a 'sun/nio/fs/WindowsException'{0x0000000728447418}> (0x0000000728447418) 
thrown [s\src\hotspot\share\prims\jni.cpp, line 520]
Event: 35925.813 Thread 0x0000028d7fbd2f10 Exception <a 'sun/nio/fs/WindowsException'{0x0000000724d92208}> (0x0000000724d92208) 
thrown [s\src\hotspot\share\prims\jni.cpp, line 520]
Event: 35926.251 Thread 0x0000028d7fbd2f10 Exception <a 'sun/nio/fs/WindowsException'{0x0000000726d6a748}> (0x0000000726d6a748) 
thrown [s\src\hotspot\share\prims\jni.cpp, line 520]
Event: 36497.777 Thread 0x0000028e0a524750 Exception <a 'java/lang/InterruptedException'{0x0000000728fa0538}: sleep interrupted> (0x0000000728fa0538) 
thrown [s\src\hotspot\share\prims\jvm.cpp, line 3074]
Event: 36507.634 Thread 0x0000028e0a523a30 Exception <a 'ui/frmwork/cmd/CommandFailedException'{0x0000000728d71918}> (0x0000000728d71918) 
thrown [s\src\hotspot\share\prims\jni.cpp, line 520]
Event: 36533.827 Thread 0x0000028d7fbd2f10 Exception <a 'sun/nio/fs/WindowsException'{0x000000072611a860}> (0x000000072611a860) 
thrown [s\src\hotspot\share\prims\jni.cpp, line 520]
Event: 36534.228 Thread 0x0000028d7fbd2f10 Exception <a 'sun/nio/fs/WindowsException'{0x00000007283f9ef0}> (0x00000007283f9ef0) 
thrown [s\src\hotspot\share\prims\jni.cpp, line 520]
Event: 36548.599 Thread 0x0000028e0a51eb70 Exception <a 'java/lang/InterruptedException'{0x000000072633fff8}: sleep interrupted> (0x000000072633fff8) 
thrown [s\src\hotspot\share\prims\jvm.cpp, line 3074]
Event: 36553.324 Thread 0x0000028d7fbd6a20 Exception <a 'ui/frmwork/cmd/CommandFailedException'{0x0000000729102b40}> (0x0000000729102b40) 
thrown [s\src\hotspot\share\prims\jni.cpp, line 520]
Event: 36560.863 Thread 0x0000028d7fbd2f10 Exception <a 'sun/nio/fs/WindowsException'{0x00000007251a8450}> (0x00000007251a8450) 
thrown [s\src\hotspot\share\prims\jni.cpp, line 520]
Event: 36561.373 Thread 0x0000028d7fbd2f10 Exception <a 'sun/nio/fs/WindowsException'{0x0000000726365c20}> (0x0000000726365c20) 
thrown [s\src\hotspot\share\prims\jni.cpp, line 520]

ZGC Phase Switch (0 events):
No events

VM Operations (20 events):
Event: 36550.374 Executing VM operation: Cleanup
Event: 36550.374 Executing VM operation: Cleanup done
Event: 36551.387 Executing VM operation: G1CollectForAllocation (G1 Evacuation Pause)
Event: 36551.390 Executing VM operation: G1CollectForAllocation (G1 Evacuation Pause) done
Event: 36553.391 Executing VM operation: Cleanup
Event: 36553.391 Executing VM operation: Cleanup done
Event: 36555.392 Executing VM operation: Cleanup
Event: 36555.392 Executing VM operation: Cleanup done
Event: 36557.160 Executing VM operation: G1CollectForAllocation (G1 Evacuation Pause)
Event: 36557.163 Executing VM operation: G1CollectForAllocation (G1 Evacuation Pause) done
Event: 36559.163 Executing VM operation: Cleanup
Event: 36559.163 Executing VM operation: Cleanup done
Event: 36560.164 Executing VM operation: Cleanup
Event: 36560.164 Executing VM operation: Cleanup done
Event: 36561.029 Executing VM operation: G1CollectForAllocation (G1 Evacuation Pause)
Event: 36561.033 Executing VM operation: G1CollectForAllocation (G1 Evacuation Pause) done
Event: 36561.528 Executing VM operation: G1CollectForAllocation (G1 Evacuation Pause)
Event: 36561.531 Executing VM operation: G1CollectForAllocation (G1 Evacuation Pause) done
Event: 36563.531 Executing VM operation: Cleanup
Event: 36563.531 Executing VM operation: Cleanup done

Events (20 events):
Event: 36557.197 Thread 0x0000028d7fbd6a20 Thread exited: 0x0000028d7fbd6a20
Event: 36558.204 Thread 0x0000028d7fbd6a20 Thread added: 0x0000028d7fbd6a20
Event: 36558.209 Thread 0x0000028d7fbd70b0 Thread added: 0x0000028d7fbd70b0
Event: 36558.214 Thread 0x0000028d7fbd6a20 Thread exited: 0x0000028d7fbd6a20
Event: 36558.215 Thread 0x0000028d7fbd70b0 Thread exited: 0x0000028d7fbd70b0
Event: 36558.522 Thread 0x0000028d7fbd6a20 Thread added: 0x0000028d7fbd6a20
Event: 36559.195 Thread 0x0000028d7fbd70b0 Thread added: 0x0000028d7fbd70b0
Event: 36559.199 Thread 0x0000028d7fbd70b0 Thread exited: 0x0000028d7fbd70b0
Event: 36560.214 Thread 0x0000028d7fbd70b0 Thread added: 0x0000028d7fbd70b0
Event: 36560.219 Thread 0x0000028d7fbd70b0 Thread exited: 0x0000028d7fbd70b0
Event: 36561.372 Thread 0x0000028d7fbd70b0 Thread added: 0x0000028d7fbd70b0
Event: 36561.377 Thread 0x0000028d7fbd70b0 Thread exited: 0x0000028d7fbd70b0
Event: 36562.197 Thread 0x0000028d7fbd70b0 Thread added: 0x0000028d7fbd70b0
Event: 36562.203 Thread 0x0000028d7fbd70b0 Thread exited: 0x0000028d7fbd70b0
Event: 36563.198 Thread 0x0000028d7fbd70b0 Thread added: 0x0000028d7fbd70b0
Event: 36563.206 Thread 0x0000028d7fbd70b0 Thread exited: 0x0000028d7fbd70b0
Event: 36563.858 Thread 0x0000028d7fbd70b0 Thread added: 0x0000028d7fbd70b0
Event: 36563.862 Thread 0x0000028d7fbd70b0 Thread exited: 0x0000028d7fbd70b0
Event: 36564.199 Thread 0x0000028d7fbd70b0 Thread added: 0x0000028d7fbd70b0
Event: 36564.203 Thread 0x0000028d7fbd70b0 Thread exited: 0x0000028d7fbd70b0


Dynamic libraries:
0x00007ff6826e0000 - 0x00007ff6826e8000 	C:\Xilinx\Vivado\2024.2\bin\unwrapped\win64.o\vivado.exe
0x00007fff3c1c0000 - 0x00007fff3c429000 	C:\WINDOWS\SYSTEM32\ntdll.dll
0x00007fff3a910000 - 0x00007fff3a9d9000 	C:\WINDOWS\System32\KERNEL32.DLL
0x00007fff39b90000 - 0x00007fff39f83000 	C:\WINDOWS\System32\KERNELBASE.dll
0x00007fff398c0000 - 0x00007fff39a0b000 	C:\WINDOWS\System32\ucrtbase.dll
0x00007fff16960000 - 0x00007fff169e9000 	C:\WINDOWS\SYSTEM32\MSVCP140.dll
0x00007fff16810000 - 0x00007fff1682e000 	C:\WINDOWS\SYSTEM32\VCRUNTIME140.dll
0x00007fff1ca80000 - 0x00007fff1ca8c000 	C:\WINDOWS\SYSTEM32\VCRUNTIME140_1.dll
0x00007ffe850b0000 - 0x00007ffe850d7000 	C:\Xilinx\Vivado\2024.2\lib\win64.o\xv_commonmain.dll
0x00007fff105e0000 - 0x00007fff105ec000 	C:\Xilinx\Vivado\2024.2\lib\win64.o\xv_commonversion.dll
0x00007ffe69950000 - 0x00007ffe69b9d000 	C:\Xilinx\Vivado\2024.2\lib\win64.o\xv_commonxillic.dll
0x00007fff3bba0000 - 0x00007fff3bc14000 	C:\WINDOWS\System32\WS2_32.dll
0x00007fff3ac60000 - 0x00007fff3ad78000 	C:\WINDOWS\System32\RPCRT4.dll
0x00007fff39fe0000 - 0x00007fff3a1a4000 	C:\WINDOWS\System32\USER32.dll
0x00007fff39350000 - 0x00007fff39377000 	C:\WINDOWS\System32\win32u.dll
0x00007fff3bc90000 - 0x00007fff3bcbb000 	C:\WINDOWS\System32\GDI32.dll
0x00007fff396f0000 - 0x00007fff3981d000 	C:\WINDOWS\System32\gdi32full.dll
0x00007fff394f0000 - 0x00007fff39593000 	C:\WINDOWS\System32\msvcp_win.dll
0x00007fff3bae0000 - 0x00007fff3bb94000 	C:\WINDOWS\System32\ADVAPI32.dll
0x00007fff3ab00000 - 0x00007fff3aba9000 	C:\WINDOWS\System32\msvcrt.dll
0x00007fff3abb0000 - 0x00007fff3ac56000 	C:\WINDOWS\System32\sechost.dll
0x00007ffe69920000 - 0x00007ffe6994a000 	C:\Xilinx\Vivado\2024.2\lib\win64.o\boost_filesystem.dll
0x00007ffe69770000 - 0x00007ffe69911000 	C:\Xilinx\Vivado\2024.2\lib\win64.o\tcl86t.dll
0x00007ffe68100000 - 0x00007ffe6976a000 	C:\Xilinx\Vivado\2024.2\lib\win64.o\xv_common.dll
0x00007fff3a1c0000 - 0x00007fff3a90d000 	C:\WINDOWS\System32\SHELL32.dll
0x00007ffed2310000 - 0x00007ffed231a000 	C:\WINDOWS\SYSTEM32\WSOCK32.dll
0x00007fff39380000 - 0x00007fff394ec000 	C:\WINDOWS\System32\wintypes.dll
0x00007fff3bcc0000 - 0x00007fff3c03b000 	C:\WINDOWS\System32\combase.dll
0x00007fff39660000 - 0x00007fff396de000 	C:\WINDOWS\System32\WINTRUST.dll
0x00007ffe67de0000 - 0x00007ffe680f6000 	C:\Xilinx\Vivado\2024.2\lib\win64.o\libXil_lmgr11.dll
0x00007ffe679b0000 - 0x00007ffe67de0000 	C:\Xilinx\Vivado\2024.2\lib\win64.o\python38.dll
0x00007fff3c080000 - 0x00007fff3c171000 	C:\WINDOWS\System32\COMDLG32.dll
0x00007fff3b110000 - 0x00007fff3b200000 	C:\WINDOWS\System32\shcore.dll
0x00007fff3bc20000 - 0x00007fff3bc82000 	C:\WINDOWS\System32\SHLWAPI.dll
0x00007fff3b940000 - 0x00007fff3ba17000 	C:\WINDOWS\System32\OLEAUT32.dll
0x00007fff3af70000 - 0x00007fff3b108000 	C:\WINDOWS\System32\ole32.dll
0x00007fff39a10000 - 0x00007fff39b87000 	C:\WINDOWS\System32\CRYPT32.dll
0x00007ffe67860000 - 0x00007ffe679a4000 	C:\Xilinx\Vivado\2024.2\lib\win64.o\boost_regex.dll
0x00007fff39240000 - 0x00007fff39266000 	C:\WINDOWS\SYSTEM32\bcrypt.dll
0x00007fff13810000 - 0x00007fff1382a000 	C:\WINDOWS\SYSTEM32\NETAPI32.dll
0x00007fff38750000 - 0x00007fff3877b000 	C:\WINDOWS\SYSTEM32\USERENV.dll
0x00007fff19f30000 - 0x00007fff1a1b9000 	C:\WINDOWS\SYSTEM32\WININET.dll
0x00007fff307a0000 - 0x00007fff308bf000 	C:\WINDOWS\SYSTEM32\WINHTTP.dll
0x00007fff1d640000 - 0x00007fff1d81f000 	C:\WINDOWS\SYSTEM32\urlmon.dll
0x00007ffe67830000 - 0x00007ffe67857000 	C:\Xilinx\Vivado\2024.2\lib\win64.o\boost_thread.dll
0x00007ffe67800000 - 0x00007ffe6782a000 	C:\Xilinx\Vivado\2024.2\lib\win64.o\zlib1.dll
0x00007ffe7f740000 - 0x00007ffe7f759000 	C:\Xilinx\Vivado\2024.2\lib\win64.o\boost_date_time.dll
0x00007ffe67780000 - 0x00007ffe677a4000 	C:\Xilinx\Vivado\2024.2\lib\win64.o\xv_isl_sysinfo.dll
0x00007ffe674a0000 - 0x00007ffe67534000 	C:\Xilinx\Vivado\2024.2\lib\win64.o\boost_program_options.dll
0x00007ffe850a0000 - 0x00007ffe850b0000 	C:\Xilinx\Vivado\2024.2\lib\win64.o\xv_boost_xilinx.dll
0x00007ffe7d920000 - 0x00007ffe7d93c000 	C:\Xilinx\Vivado\2024.2\lib\win64.o\librdiconfig.dll
0x00007ffe67000000 - 0x00007ffe674a0000 	C:\Xilinx\Vivado\2024.2\lib\win64.o\xv_COIN-all.dll
0x00007ffe676d0000 - 0x00007ffe67775000 	C:\Xilinx\Vivado\2024.2\lib\win64.o\libhdxml.dll
0x00007ffe74250000 - 0x00007ffe7426a000 	C:\Xilinx\Vivado\2024.2\lib\win64.o\pthreadVC2.dll
0x00007ffe650e0000 - 0x00007ffe66ff7000 	C:\Xilinx\Vivado\2024.2\lib\win64.o\gurobi90.dll
0x00007fff3ad80000 - 0x00007fff3adf5000 	C:\WINDOWS\System32\WLDAP32.dll
0x00007fff3a1b0000 - 0x00007fff3a1b8000 	C:\WINDOWS\System32\Normaliz.dll
0x00007ffe63ee0000 - 0x00007ffe650d7000 	C:\Xilinx\Vivado\2024.2\lib\win64.o\xv_isl_iostreams.dll
0x00007ffe70a80000 - 0x00007ffe70a99000 	C:\Xilinx\Vivado\2024.2\lib\win64.o\librdizlib.dll
0x00007ffe67640000 - 0x00007ffe676c2000 	C:\Xilinx\Vivado\2024.2\lib\win64.o\libhdlpsolve.dll
0x00007ffe67610000 - 0x00007ffe67640000 	C:\WINDOWS\SYSTEM32\VCOMP140.DLL
0x00007fff2a2e0000 - 0x00007fff2a394000 	C:\WINDOWS\WinSxS\amd64_microsoft.windows.common-controls_6595b64144ccf1df_5.82.26100.5074_none_87eb64a37a300c6e\COMCTL32.dll
0x00007fff30770000 - 0x00007fff30793000 	C:\WINDOWS\SYSTEM32\dhcpcsvc.DLL
0x00007fff1d370000 - 0x00007fff1d634000 	C:\WINDOWS\SYSTEM32\iertutil.dll
0x00007fff36f90000 - 0x00007fff377e9000 	C:\WINDOWS\SYSTEM32\windows.storage.dll
0x00007fff315d0000 - 0x00007fff315db000 	C:\WINDOWS\SYSTEM32\VERSION.dll
0x00007ffe67590000 - 0x00007ffe67607000 	C:\Xilinx\Vivado\2024.2\lib\win64.o\xv_lmx.dll
0x00007ffe67540000 - 0x00007ffe6755c000 	C:\Xilinx\Vivado\2024.2\lib\win64.o\xv_isl_iosutils.dll
0x00007fff1dad0000 - 0x00007fff1daf9000 	C:\WINDOWS\SYSTEM32\srvcli.dll
0x00007fff37ae0000 - 0x00007fff37aed000 	C:\WINDOWS\SYSTEM32\netutils.dll
0x00007fff38460000 - 0x00007fff384a6000 	C:\WINDOWS\SYSTEM32\LOGONCLI.DLL
0x00007fff37a90000 - 0x00007fff37aab000 	C:\WINDOWS\SYSTEM32\SAMCLI.DLL
0x00007ffe63e20000 - 0x00007ffe63ed7000 	C:\Xilinx\Vivado\2024.2\lib\win64.o\libzstd.dll
0x00007ffe63df0000 - 0x00007ffe63e11000 	C:\Xilinx\Vivado\2024.2\lib\win64.o\boost_iostreams.dll
0x00007ffe63b20000 - 0x00007ffe63de1000 	C:\Xilinx\Vivado\2024.2\lib\win64.o\xerces-c_3_2.dll
0x00007fff386b0000 - 0x00007fff3871b000 	C:\WINDOWS\SYSTEM32\MSWSOCK.DLL
0x00007fff3c040000 - 0x00007fff3c06f000 	C:\WINDOWS\System32\IMM32.DLL
0x00007fff38a80000 - 0x00007fff38a93000 	C:\WINDOWS\SYSTEM32\MSASN1.dll
0x00007fff38950000 - 0x00007fff3896b000 	C:\WINDOWS\SYSTEM32\CRYPTSP.dll
0x00007fff38060000 - 0x00007fff3809b000 	C:\WINDOWS\system32\rsaenh.dll
0x00007fff38970000 - 0x00007fff3897c000 	C:\WINDOWS\SYSTEM32\CRYPTBASE.dll
0x00007fff39820000 - 0x00007fff398b9000 	C:\WINDOWS\System32\bcryptPrimitives.dll
0x00007fff3b900000 - 0x00007fff3b920000 	C:\WINDOWS\System32\imagehlp.dll
0x00007fff38100000 - 0x00007fff3811b000 	C:\WINDOWS\SYSTEM32\kernel.appcore.dll
0x00007fff38720000 - 0x00007fff38747000 	C:\WINDOWS\SYSTEM32\gpapi.dll
0x00007fff30c40000 - 0x00007fff30c7b000 	C:\Windows\System32\cryptnet.dll
0x00007fff39270000 - 0x00007fff39299000 	C:\WINDOWS\SYSTEM32\profapi.dll
0x00007ffe63450000 - 0x00007ffe63b1c000 	C:\Xilinx\Vivado\2024.2\lib\win64.o\xv_commontasks.dll
0x00007ffe626c0000 - 0x00007ffe63441000 	C:\Xilinx\Vivado\2024.2\tps\win64\jre21.0.1_12\bin\server\jvm.dll
0x00007fff39100000 - 0x00007fff3915e000 	C:\WINDOWS\SYSTEM32\POWRPROF.dll
0x00007fff2bdf0000 - 0x00007fff2be25000 	C:\WINDOWS\SYSTEM32\WINMM.dll
0x00007ffe62000000 - 0x00007ffe62500400 	C:\Xilinx\Vivado\2024.2\lib\win64.o\xv_sio.dll
0x00007fff37af0000 - 0x00007fff37b24000 	C:\WINDOWS\SYSTEM32\IPHLPAPI.DLL
0x00007fff390e0000 - 0x00007fff390f4000 	C:\WINDOWS\SYSTEM32\UMPDC.dll
0x00007fff366a0000 - 0x00007fff366af000 	C:\WINDOWS\SYSTEM32\WINNSI.DLL
0x00007fff3a9e0000 - 0x00007fff3a9ea000 	C:\WINDOWS\System32\NSI.dll
0x00007fff383b0000 - 0x00007fff383f9000 	C:\WINDOWS\SYSTEM32\SspiCli.dll
0x00007fff16c50000 - 0x00007fff16c68000 	C:\WINDOWS\system32\napinsp.dll
0x00007fff37b80000 - 0x00007fff37ca6000 	C:\WINDOWS\SYSTEM32\DNSAPI.dll
0x00007fff16bd0000 - 0x00007fff16be2000 	C:\WINDOWS\System32\winrnr.dll
0x00007fff16ba0000 - 0x00007fff16bc8000 	C:\WINDOWS\system32\nlansp_c.dll
0x00007fff30aa0000 - 0x00007fff30ab6000 	C:\WINDOWS\system32\wshbth.dll
0x00007fff2cb40000 - 0x00007fff2cb5b000 	C:\WINDOWS\SYSTEM32\wkscli.dll
0x00007fff11e70000 - 0x00007fff11e83000 	C:\WINDOWS\SYSTEM32\cscapi.dll
0x00007ffe5e120000 - 0x00007ffe61ff3000 	C:\Xilinx\Vivado\2024.2\lib\win64.o\xv_tcltasks.dll
0x00007ffe5e040000 - 0x00007ffe5e119000 	C:\Xilinx\Vivado\2024.2\lib\win64.o\xv_xhubtasks.dll
0x00007ffe5d260000 - 0x00007ffe5e03f000 	C:\Xilinx\Vivado\2024.2\lib\win64.o\xv_power.dll
0x00007ffe58e50000 - 0x00007ffe5ab38000 	C:\Xilinx\Vivado\2024.2\lib\win64.o\xv_implflow.dll
0x00007ffe5c660000 - 0x00007ffe5d25b000 	C:\Xilinx\Vivado\2024.2\lib\win64.o\xv_project.dll
0x00007ffe53440000 - 0x00007ffe58e4f000 	C:\Xilinx\Vivado\2024.2\lib\win64.o\xv_route.dll
0x00007ffe527e0000 - 0x00007ffe53434000 	C:\Xilinx\Vivado\2024.2\lib\win64.o\xv_lopt.dll
0x00007ffe4ce70000 - 0x00007ffe527d5000 	C:\Xilinx\Vivado\2024.2\lib\win64.o\xv_place.dll
0x00007ffe4c270000 - 0x00007ffe4ce6e000 	C:\Xilinx\Vivado\2024.2\lib\win64.o\xv_rsb.dll
0x00007ffe5b910000 - 0x00007ffe5c0d1000 	C:\Xilinx\Vivado\2024.2\lib\win64.o\xv_runs.dll
0x00007ffe4b5c0000 - 0x00007ffe4c26d000 	C:\Xilinx\Vivado\2024.2\lib\win64.o\xv_drc.dll
0x00007ffe489e0000 - 0x00007ffe4b5b8000 	C:\Xilinx\Vivado\2024.2\lib\win64.o\xv_mig.dll
0x00007ffe5c550000 - 0x00007ffe5c65c000 	C:\Xilinx\Vivado\2024.2\lib\win64.o\xv_dsp.dll
0x00007ffe5c3e0000 - 0x00007ffe5c546000 	C:\Xilinx\Vivado\2024.2\lib\win64.o\xv_chipscope.dll
0x00007ffe48540000 - 0x00007ffe489d7000 	C:\Xilinx\Vivado\2024.2\lib\win64.o\xv_dlyest.dll
0x00007ffe46c40000 - 0x00007ffe48539000 	C:\Xilinx\Vivado\2024.2\lib\win64.o\xv_timing.dll
0x00007ffe46580000 - 0x00007ffe46c3f000 	C:\Xilinx\Vivado\2024.2\lib\win64.o\xv_memdata.dll
0x00007ffe5c360000 - 0x00007ffe5c3d9000 	C:\Xilinx\Vivado\2024.2\lib\win64.o\xv_pfi.dll
0x00007ffe5b680000 - 0x00007ffe5b905000 	C:\Xilinx\Vivado\2024.2\lib\win64.o\xv_chipscopeimpl.dll
0x00007ffe45fb0000 - 0x00007ffe46576000 	C:\Xilinx\Vivado\2024.2\lib\win64.o\xv_bitstream.dll
0x00007ffe5c2c0000 - 0x00007ffe5c35f000 	C:\Xilinx\Vivado\2024.2\lib\win64.o\xv_boarddep.dll
0x00007ffe43430000 - 0x00007ffe45fac000 	C:\Xilinx\Vivado\2024.2\lib\win64.o\xv_designutils.dll
0x00007ffe5b370000 - 0x00007ffe5b5ef000 	C:\Xilinx\Vivado\2024.2\lib\win64.o\xv_board.dll
0x00007ffe42ed0000 - 0x00007ffe43423000 	C:\Xilinx\Vivado\2024.2\lib\win64.o\xv_platform.dll

dbghelp: loaded successfully - version: 4.0.5 - missing functions: none
symbol engine: initialized successfully - sym options: 0x614 - pdb path: .;C:\Xilinx\Vivado\2024.2\bin\unwrapped\win64.o;C:\WINDOWS\SYSTEM32;C:\Xilinx\Vivado\2024.2\lib\win64.o;C:\WINDOWS\WinSxS\amd64_microsoft.windows.common-controls_6595b64144ccf1df_5.82.26100.5074_none_87eb64a37a300c6e;C:\Xilinx\Vivado\2024.2\tps\win64\jre21.0.1_12\bin\server;C:\Xilinx\Vivado\2024.2\tps\win64\jre21.0.1_12\bin;C:\WINDOWS\WinSxS\amd64_microsoft.windows.common-controls_6595b64144ccf1df_6.0.26100.5074_none_3e0d6f78e32fd63f;C:\Xilinx\Vivado\2024.2\data\parts\xilinx\zynquplus\devint\gradle_lib\win64.o;C:\Xilinx\Vivado\2024.2\data\parts\xilinx\kintexuplus\devint\gradle_lib\win64.o

VM Arguments:
jvm_args: -Dsun.java2d.pmoffscreen=false -Dhttps.protocols=TLSv1,TLSv1.1,TLSv1.2 -Dsun.java2d.xrender=false -Dsun.java2d.d3d=false -Dsun.awt.nopixfmt=true -Dsun.java2d.dpiaware=true -Dsun.java2d.uiScale.enabled=false -Dswing.aatext=true -XX:-UsePerfData -Djdk.map.althashing.threshold=512 -XX:StringTableSize=4072 -XX:+UseStringDeduplication -XX:MaxGCPauseMillis=200 -XX:ParallelGCThreads=4 -XX:+ParallelRefProcEnabled --add-opens=java.desktop/javax.swing.plaf.synth=ALL-UNNAMED --add-opens=java.base/java.nio=ALL-UNNAMED --add-opens=java.desktop/sun.swing=ALL-UNNAMED --add-opens=java.desktop/javax.swing=ALL-UNNAMED --add-opens=java.desktop/javax.swing.tree=ALL-UNNAMED --add-opens=java.desktop/javax.swing.plaf.basic=ALL-UNNAMED --add-opens=java.desktop/javax.swing.plaf.synth=ALL-UNNAMED --add-opens=java.desktop/javax.swing.plaf.basic=ALL-UNNAMED --add-opens=java.desktop/javax.swing=ALL-UNNAMED --add-opens=java.desktop/javax.swing.tree=ALL-UNNAMED --add-opens=java.desktop/java.awt.event=ALL-UNNAMED --add-exports=java.desktop/javax.swing.plaf.synth=ALL-UNNAMED --add-exports=java.base/java.nio=ALL-UNNAMED --add-exports=java.desktop/sun.swing=ALL-UNNAMED --add-exports=java.desktop/javax.swing=ALL-UNNAMED --add-exports=java.desktop/javax.swing.tree=ALL-UNNAMED --add-exports=java.desktop/javax.swing.plaf.basic=ALL-UNNAMED --add-exports=java.desktop/sun.swing=ALL-UNNAMED --add-exports=java.desktop/sun.swing.table=ALL-UNNAMED --add-exports=java.desktop/sun.swing.plaf.synth=ALL-UNNAMED --add-exports=java.desktop/sun.awt.shell=ALL-UNNAMED --add-exports=java.base/sun.security.action=ALL-UNNAMED --add-exports=java.desktop/sun.font=ALL-UNNAMED -XX:NewSize=80m -XX:MaxNewSize=80m -Xms512m -Xmx4072m -Xss10m 
java_command: <unknown>
java_class_path (initial): C:/Xilinx/Vivado/2024.2\lib\classes\apiguardian-api-1.1.0.jar;C:/Xilinx/Vivado/2024.2\lib\classes\asm-9.6-11.0.11-90.jar;C:/Xilinx/Vivado/2024.2\lib\classes\asm-analysis-9.6-11.0.11-90.jar;C:/Xilinx/Vivado/2024.2\lib\classes\asm-commons-9.6-11.0.11-90.jar;C:/Xilinx/Vivado/2024.2\lib\classes\asm-tree-9.6-11.0.11-90.jar;C:/Xilinx/Vivado/2024.2\lib\classes\autoesl-models-1.0.0-90.jar;C:/Xilinx/Vivado/2024.2\lib\classes\batik-anim-1.0.0-90.jar;C:/Xilinx/Vivado/2024.2\lib\classes\batik-awt-util-1.0.0-90.jar;C:/Xilinx/Vivado/2024.2\lib\classes\batik-bridge-1.0.0-90.jar;C:/Xilinx/Vivado/2024.2\lib\classes\batik-codec-1.0.0-90.jar;C:/Xilinx/Vivado/2024.2\lib\classes\batik-constants-1.0.0-90.jar;C:/Xilinx/Vivado/2024.2\lib\classes\batik-css-1.0.0-90.jar;C:/Xilinx/Vivado/2024.2\lib\classes\batik-dom-1.0.0-90.jar;C:/Xilinx/Vivado/2024.2\lib\classes\batik-ext-1.0.0-90.jar;C:/Xilinx/Vivado/2024.2\lib\classes\batik-gui-util-1.0.0-90.jar;C:/Xilinx/Vivado/2024.2\lib\classes\batik-gvt-1.0.0-90.jar;C:/Xilinx/Vivado/2024.2\lib\classes\batik-i18n-1.0.0-90.jar;C:/Xilinx/Vivado/2024.2\lib\classes\batik-parser-1.0.0-90.jar;C:/Xilinx/Vivado/2024.2\lib\classes\batik-script-1.0.0-90.jar;C:/Xilinx/Vivado/2024.2\lib\classes\batik-svg-dom-1.0.0-90.jar;C:/Xilinx/Vivado/2024.2\lib\classes\batik-svggen-1.0.0-90.jar;C:/Xilinx/Vivado/2024.2\lib\classes\batik-swing-1.0.0-90.jar;C:/Xilinx/Vivado/2024.2\lib\classes\batik-transcoder-1.0.0-90.jar;C:/Xilinx/Vivado/2024.2\lib\classes\batik-util-1.0.0-90.jar;C:/Xilinx/Vivado/2024.2\lib\classes\batik-xml-1.0.0-90.jar;C:/Xilinx/Vivado/2024.2\lib\classes\checker-qual-3.12.0.jar;C:/Xilinx/Vivado/2024.2\lib\classes\com.fasterxml.jackson.core.jackson-annotations_2.12.1.v20210128-1726-1.0.0-90.jar;C:/Xilinx/Vivado/2024.2\lib\classes\com.fasterxml.jackson.core.jackson-annotations_2.12.1.v20210128-1726-1.5.0-90.jar;C:/Xilinx/Vivado/2024.2\lib\classes\com.fasterxml.jackson.core.jackson-core_2.12.1.v20210128-1726-1.0.0-90.jar;C:/Xilinx/Vivado/2024.2\lib\classes\com.fasterxml.jackson.core.jackson-core_2.12.1.v20210128-1726-1.5.0-90.jar;C:/Xilinx/Vivado/2024.2\lib\classes\com.fasterxml.jackson.core.jackson-databind_2.12.1.v20210128-1726-1.0.0-90.jar;C:/Xilinx/Vivado/2024.2\lib\classes\com.fasterxml.jackson.core.jackson-databind_2.12.1.v20210128-1726-1.5.0-90.jar;C:/Xilinx/Vivado/2024.2\lib\classes\com.google.gson_2.8.9.v20220111-1409-1.5.0-90.jar;C:/Xilinx/Vivado/2024.2\lib\classes\com.google.guava_30.1.0.v20210127-2300-1.5.0-90.jar;C:/Xilinx/Vivado/2024.2\lib\classes\com.sigasi.hdt.connection_4.17.2.202304211001-1.5.0-90.jar;C:/Xilinx/Vivado/2024.2\lib\classes\com.sigasi.hdt.epl_4.17.2.202304211001-1.5.0-90.jar;C:/Xilinx/Vivado/2024.2\lib\classes\com.sigasi.hdt.project_4.17.2.202304211001-1.5.0-90.jar;C:/Xilinx/Vivado/2024.2\lib\classes\com.sigasi.hdt.readonlyfilesystem_4.17.2.202304211001-1.5.0-90.jar;C:/Xilinx/Vivado/2024.2\lib\classes\com.sigasi.hdt.shared_4.17.2.202304211001-1.5.0-90.jar;C:/Xilinx/Vivado/2024.2\lib\classes\com.sigasi.lcm_4.17.2.202304211001-1.5.0-90.jar;C:/Xilinx/Vivado/2024.2\lib\classes\com.sigasi.lsp.server.extensions_4.17.2.202304211001-1.5.0-90.jar;C:/Xilinx/Vivado/2024.2\lib\classes\com.sigasi.sdk.client_1.5.0.202304211001-1.5.0-90.jar;C:/Xilinx/Vivado/2024.2\lib\classes\commons-collections4-4.1-3.7.8-90.jar;C:/Xilinx/Vivado/2024.2\lib\classes\commons-compress-1.21-3.7.8-90.jar;C:/Xilinx/Vivado/2024.2\lib\classes\commons-io-2.15.0-11.0.11-90.jar;C:/Xilinx/Vivado/2024.2\lib\classes\commons-io-2.6.jar;C:/Xilinx/Vivado/2024.2\lib\classes\commons-lang3-3.14.0-11.0.11-90.jar;C:/Xilinx/Vivado/2024.2\lib\classes\commons-math-2.2-3.7.8-90.jar;C:/Xilinx/Vivado/2024.2\lib\classes\DispatchProtocol-1.24.0-595.jar;C:/Xilinx/Vivado/2024.2\lib\classes\dom4j-1.6.1-3.7.8-90.jar;C:/Xilinx/Vivado/2024.2\lib\classes\error_prone_annotations-2.11.0.jar;C:/Xilinx/Vivado/2024.2\lib\classes\failureaccess-1.0.1.jar;C:/Xilinx/Vivado/2024.2\lib\classes\frank_frameworks-1.0.0-595.jar;C:/Xilinx/Vivado/2024.2\lib\classes\gson-2.8.9.jar;C:/Xilinx/Vivado/2024.2\lib\classes\guava-31.1-android.jar;C:/Xilinx/Vivado/2024.2\lib\classes\help-1.24.0-412.jar;C:/Xilinx/Vivado/2024.2\lib\classes\hsqldb-3.7.8-90.jar;C:/Xilinx/Vivado/2024.2\lib\classes\j2objc-annotations-1.3.jar;C:/Xilinx/Vivado/2024.2\lib\classes\jakarta.annotation-api-2.1.0-11.0.11-90.jar;C:/Xilinx/Vivado/2024.2\lib\classes\jakarta.json-2.0.0-RC2-1.5.0-90.jar;C:/Xilinx/Vivado/2024.2\lib\classes\jakarta.json-api-2.0.0-RC2-1.5.0-90.jar;C:/Xilinx/Vivado/2024.2\lib\classes\jakarta.transaction-api-2.0.0-11.0.11-90.jar;C:/Xilinx/Vivado/2024.2\lib\classes\jaxb-api-2.3.0.jar;C:/Xilinx/Vivado/2024.2\lib\classes\jericho-html-3.4-1.0.0-90.jar;C:/Xilinx/Vivado/2024.2\lib\classes\jetty-jakarta-servlet-api-5.0.2-11.0.11-90.jar;C:/Xilinx/Vivado/2024.2\lib\classes\jh-2.0.05-90.jar;C:/Xilinx/Vivado/2024.2\lib\classes\jide-action-3.7.8-90.jar;C:/Xilinx/Vivado/2024.2\lib\classes\jide-charts-3.7.8-90.jar;C:/Xilinx/Vivado/2024.2\lib\classes\jide-common-3.7.8-90.jar;C:/Xilinx/Vivado/2024.2\lib\classes\jide-components-3.7.8-90.jar;C:/Xilinx/Vivado/2024.2\lib\classes\jide-dashboard-3.7.8-90.jar;C:/Xilinx/Vivado/2024.2\lib\classes\jide-data-3.7.8-90.jar;C:/Xilinx/Vivado/2024.2\lib\classes\jide-dialogs-3.7.8-90.jar;C:/Xilinx/Vivado/2024.2\lib\classes\jide-diff-3.7.8-90.jar;C:/Xilinx/Vivado/2024.2\lib\classes\jide-dock-3.7.8-90.jar;C:/Xilinx/Vivado/2024.2\lib\classes\jide-editor-3.7.8-90.jar;C:/Xilinx/Vivado/2024.2\lib\classes\jide-gantt-3.7.8-90.jar;C:/Xilinx/Vivado/2024.2\lib\classes\jide-grids-3.7.8-90.jar;C:/Xilinx/Vivado/2024.2\lib\classes\jide-pivot-3.7.8-90.jar;C:/Xilinx/Vivado/2024.2\lib\classes\jide-plaf-jdk7-3.7.8-90.jar;C:/Xilinx/Vivado/2024.2\lib\classes\jide-properties-3.7.8-90.jar;C:/Xilinx/Vivado/2024.2\lib\classes\jide-shortcut-3.7.8-90.jar;C:/Xilinx/Vivado/2024.2\lib\classes\jide-treemap-3.7.8-90.jar;C:/Xilinx/Vivado/2024.2\lib\classes\JRCClient-1.24.0-595.jar;C:/Xilinx/Vivado/2024.2\lib\classes\jsr305-3.0.2.jar;C:/Xilinx/Vivado/2024.2\lib\classes\junit-jupiter-api-5.6.2.jar;C:/Xilinx/Vivado/2024.2\lib\classes\junit-platform-commons-1.6.2.jar;C:/Xilinx/Vivado/2024.2\lib\classes\justify-3.0.0-RC2-1.5.0-90.jar;C:/Xilinx/Vivado/2024.2\lib\classes\jydocking-3.3.1-90.jar;C:/Xilinx/Vivado/2024.2\lib\classes\jytable-3.3.1-90.jar;C:/Xilinx/Vivado/2024.2\lib\classes\jywidgets-3.3.1-90.jar;C:/Xilinx/Vivado/2024.2\lib\classes\listenablefuture-9999.0-empty-to-avoid-conflict-with-guava.jar;C:/Xilinx/Vivado/2024.2\lib\classes\log4j-1.2-api-2.17.1-1.5.0-90.jar;C:/Xilinx/Vivado/2024.2\lib\classes\log4j-api-2.17.1-1.5.0-90.jar;C:/Xilinx/Vivado/2024.2\lib\classes\log4j-core-2.17.1-1.5.0-90.jar;C:/Xilinx/Vivado/2024.2\lib\classes\lucene-analyzers-common-4.10.2-3.7.8-90.jar;C:/Xilinx/Vivado/2024.2\lib\classes\lucene-core-4.10.2-3.7.8-90.jar;C:/Xilinx/Vivado/2024.2\lib\classes\lucene-queryparser-4.10.2-3.7.8-90.jar;C:/Xilinx/Vivado/2024.2\lib\classes\matlab_jmi-1.0.0-90.jar;C:/Xilinx/Vivado/2024.2\lib\classes\miglayout-3.7.3.1.jar;C:/Xilinx/Vivado/2024.2\lib\classes\nlview_java-1.0.0-90.jar;C:/Xilinx/Vivado/2024.2\lib\classes\opentest4j-1.2.0.jar;C:/Xilinx/Vivado/2024.2\lib\classes\org.apache.commons.lang_2.6.0.v201404270220-1.0.0-90.jar;C:/Xilinx/Vivado/2024.2\lib\classes\org.eclipse.core.commands-3.6.0-1.0.0-90.jar;C:/Xilinx/Vivado/2024.2\lib\classes\org.eclipse.core.filesystem_1.7.400.v20190518-1151-1.0.0-90.jar;C:/Xilinx/Vivado/2024.2\lib\classes\org.eclipse.core.jobs_3.10.400.v20190506-1457-1.0.0-90.jar;C:/Xilinx/Vivado/2024.2\lib\classes\org.eclipse.core.resources_3.13.400.v20190505-1655-1.0.0-90.jar;C:/Xilinx/Vivado/2024.2\lib\classes\org.eclipse.emf.common_2.18.0.v20191225-1014-1.0.0-90.jar;C:/Xilinx/Vivado/2024.2\lib\classes\org.eclipse.emf.common_2.24.0.v20220123-0838-1.5.0-90.jar;C:/Xilinx/Vivado/2024.2\lib\classes\org.eclipse.emf.ecore.xmi_2.16.0.v20190528-0725-1.0.0-90.jar;C:/Xilinx/Vivado/2024.2\lib\classes\org.eclipse.emf.ecore_2.21.0.v20200127-1342-1.0.0-90.jar;C:/Xilinx/Vivado/2024.2\lib\classes\org.eclipse.equinox.common_3.11.0.v20200206-0817-1.0.0-90.jar;C:/Xilinx/Vivado/2024.2\lib\classes\org.eclipse.equinox.registry_3.8.400.v20190516-1504-1.0.0-90.jar;C:/Xilinx/Vivado/2024.2\lib\classes\org.eclipse.jetty.alpn.client_11.0.18-11.0.11-90.jar;C:/Xilinx/Vivado/2024.2\lib\classes\org.eclipse.jetty.annotations_11.0.18-11.0.11-90.jar;C:/Xilinx/Vivado/2024.2\lib\classes\org.eclipse.jetty.client_11.0.18-11.0.11-90.jar;C:/Xilinx/Vivado/2024.2\lib\classes\org.eclipse.jetty.http_11.0.18-11.0.11-90.jar;C:/Xilinx/Vivado/2024.2\lib\classes\org.eclipse.jetty.io_11.0.18-11.0.11-90.jar;C:/Xilinx/Vivado/2024.2\lib\classes\org.eclipse.jetty.jndi_11.0.18-11.0.11-90.jar;C:/Xilinx/Vivado/2024.2\lib\classes\org.eclipse.jetty.plus_11.0.18-11.0.11-90.jar;C:/Xilinx/Vivado/2024.2\lib\classes\org.eclipse.jetty.security_11.0.18-11.0.11-90.jar;C:/Xilinx/Vivado/2024.2\lib\classes\org.eclipse.jetty.server_11.0.18-11.0.11-90.jar;C:/Xilinx/Vivado/2024.2\lib\classes\org.eclipse.jetty.servlet_11.0.18-11.0.11-90.jar;C:/Xilinx/Vivado/2024.2\lib\classes\org.eclipse.jetty.util_11.0.18-11.0.11-90.jar;C:/Xilinx/Vivado/2024.2\lib\classes\org.eclipse.jetty.webapp_11.0.18-11.0.11-90.jar;C:/Xilinx/Vivado/2024.2\lib\classes\org.eclipse.jetty.websocket.api_11.0.18-11.0.11-90.jar;C:/Xilinx/Vivado/2024.2\lib\classes\org.eclipse.jetty.websocket.client_11.0.18-11.0.11-90.jar;C:/Xilinx/Vivado/2024.2\lib\classes\org.eclipse.jetty.websocket.common_11.0.18-11.0.11-90.jar;C:/Xilinx/Vivado/2024.2\lib\classes\org.eclipse.jetty.websocket.core.client_11.0.18-11.0.11-90.jar;C:/Xilinx/Vivado/2024.2\lib\classes\org.eclipse.jetty.websocket.core.common_11.0.18-11.0.11-90.jar;C:/Xilinx/Vivado/2024.2\lib\classes\org.eclipse.jetty.websocket.core.server_11.0.18-11.0.11-90.jar;C:/Xilinx/Vivado/2024.2\lib\classes\org.eclipse.jetty.websocket.server_11.0.18-11.0.11-90.jar;C:/Xilinx/Vivado/2024.2\lib\classes\org.eclipse.jetty.websocket.servlet_11.0.18-11.0.11-90.jar;C:/Xilinx/Vivado/2024.2\lib\classes\org.eclipse.jetty.xml_11.0.18-11.0.11-90.jar;C:/Xilinx/Vivado/2024.2\lib\classes\org.eclipse.lsp4j.jsonrpc_0.12.0.v20210402-1305-1.5.0-90.jar;C:/Xilinx/Vivado/2024.2\lib\classes\org.eclipse.lsp4j_0.12.0.v20210402-1305-1.5.0-90.jar;C:/Xilinx/Vivado/2024.2\lib\classes\org.eclipse.xtext.util_2.18.0.v20190603-1042-1.0.0-90.jar;C:/Xilinx/Vivado/2024.2\lib\classes\org.eclipse.xtext.util_2.26.0.v20220228-0751-1.5.0-90.jar;C:/Xilinx/Vivado/2024.2\lib\classes\org.eclipse.xtext.xbase.lib_2.26.0.v20220228-0748-1.5.0-90.jar;C:/Xilinx/Vivado/2024.2\lib\classes\picocli-4.1.2.jar;C:/Xilinx/Vivado/2024.2\lib\classes\planAhead.jar;C:/Xilinx/Vivado/2024.2\lib\classes\poi-4.1.1-3.7.8-90.jar;C:/Xilinx/Vivado/2024.2\lib\classes\poi-ooxml-4.1.1-3.7.8-90.jar;C:/Xilinx/Vivado/2024.2\lib\classes\poi-ooxml-schemas-4.1.1-3.7.8-90.jar;C:/Xilinx/Vivado/2024.2\lib\classes\protobuf-java-3.21.12.jar;C:/Xilinx/Vivado/2024.2\lib\classes\protobuf-java-util-3.21.12.jar;C:/Xilinx/Vivado/2024.2\lib\classes\RuleService-1.24.0-595.jar;C:/Xilinx/Vivado/2024.2\lib\classes\slf4j-api-2.0.9-11.0.11-90.jar;C:/Xilinx/Vivado/2024.2\lib\classes\swingx-core-1.6.2-90.jar;C:/Xilinx/Vivado/2024.2\lib\classes\synthetica-3.3.1-90.jar;C:/Xilinx/Vivado/2024.2\lib\classes\syntheticaAddons-3.3.1-90.jar;C:/Xilinx/Vivado/2024.2\lib\classes\syntheticaDark-3.3.1-90.jar;C:/Xilinx/Vivado/2024.2\lib\classes\syntheticaPlain-3.3.1-90.jar;C:/Xilinx/Vivado/2024.2\lib\classes\syntheticaPlainAddon-3.3.1-90.jar;C:/Xilinx/Vivado/2024.2\lib\classes\sysgen.jar;C:/Xilinx/Vivado/2024.2\lib\classes\va-shared-1.0.0-595.jar;C:/Xilinx/Vivado/2024.2\lib\classes\VlmGUI.jar;C:/Xilinx/Vivado/2024.2\lib\classes\xml-apis-ext-1.0.0-90.jar;C:/Xilinx/Vivado/2024.2\lib\classes\xmlbeans-3.1.0-3.7.8-90.jar;C:/Xilinx/Vivado/2024.2\lib\classes\xmlgraphics-commons-1.0.0-90.jar;C:/Xilinx/Vivado/2024.2\lib\classes\yfiles-for-java-swing-3.3.0-90.jar;C:/Xilinx/Vivado/2024.2\lib\classes\windows\gluegen-rt-95.0.4638.69-90.jar;C:/Xilinx/Vivado/2024.2\lib\classes\windows\gluegen-rt-natives-windows-amd64-95.0.4638.69-90.jar;C:/Xilinx/Vivado/2024.2\lib\classes\windows\javafx-swt-21.0.1-90.jar;C:/Xilinx/Vivado/2024.2\lib\classes\windows\javafx.base-21.0.1-90.jar;C:/Xilinx/Vivado/2024.2\lib\classes\windows\javafx.controls-21.0.1-90.jar;C:/Xilinx/Vivado/2024.2\lib\classes\windows\javafx.fxml-21.0.1-90.jar;C:/Xilinx/Vivado/2024.2\lib\classes\windows\javafx.graphics-21.0.1-90.jar;C:/Xilinx/Vivado/2024.2\lib\classes\windows\javafx.media-21.0.1-90.jar;C:/Xilinx/Vivado/2024.2\lib\classes\windows\javafx.swing-21.0.1-90.jar;C:/Xilinx/Vivado/2024.2\lib\classes\windows\javafx.web-21.0.1-90.jar;C:/Xilinx/Vivado/2024.2\lib\classes\windows\jcef-95.0.4638.69-90.jar;C:/Xilinx/Vivado/2024.2\lib\classes\windows\jcef-tests-95.0.4638.69-90.jar;C:/Xilinx/Vivado/2024.2\lib\classes\windows\jogl-all-95.0.4638.69-90.jar;C:/Xilinx/Vivado/2024.2\lib\classes\windows\jogl-all-natives-windows-amd64-95.0.4638.69-90.jar
Launcher Type: generic

[Global flags]
     intx CICompilerCount                          = 4                                         {product} {ergonomic}
     uint ConcGCThreads                            = 1                                         {product} {ergonomic}
     uint G1ConcRefinementThreads                  = 4                                         {product} {ergonomic}
   size_t G1HeapRegionSize                         = 2097152                                   {product} {ergonomic}
    uintx GCDrainStackTargetSize                   = 64                                        {product} {ergonomic}
   size_t InitialHeapSize                          = 536870912                                 {product} {command line}
   size_t MarkStackSize                            = 4194304                                   {product} {ergonomic}
    uintx MaxGCPauseMillis                         = 200                                       {product} {command line}
   size_t MaxHeapSize                              = 4269801472                                {product} {command line}
   size_t MaxNewSize                               = 83886080                                  {product} {command line}
   size_t MinHeapDeltaBytes                        = 2097152                                   {product} {ergonomic}
   size_t MinHeapSize                              = 536870912                                 {product} {command line}
   size_t NewSize                                  = 83886080                                  {product} {command line}
    uintx NonNMethodCodeHeapSize                   = 5839372                                {pd product} {ergonomic}
    uintx NonProfiledCodeHeapSize                  = 122909434                              {pd product} {ergonomic}
     uint ParallelGCThreads                        = 4                                         {product} {command line}
     bool ParallelRefProcEnabled                   = true                                      {product} {command line}
    uintx ProfiledCodeHeapSize                     = 122909434                              {pd product} {ergonomic}
    uintx ReservedCodeCacheSize                    = 251658240                              {pd product} {ergonomic}
     bool SegmentedCodeCache                       = true                                      {product} {ergonomic}
   size_t SoftMaxHeapSize                          = 4269801472                             {manageable} {ergonomic}
    uintx StringTableSize                          = 4072                                      {product} {command line}
     intx ThreadStackSize                          = 10240                                  {pd product} {command line}
     bool UseCompressedOops                        = true                           {product lp64_product} {ergonomic}
     bool UseG1GC                                  = true                                      {product} {ergonomic}
     bool UseLargePagesIndividualAllocation        = false                                  {pd product} {ergonomic}
     bool UsePerfData                              = false                                     {product} {command line}
     bool UseStringDeduplication                   = true                                      {product} {command line}

Logging:
Log output configuration:
 #0: stdout all=warning uptime,level,tags foldmultilines=false
 #1: stderr all=off uptime,level,tags foldmultilines=false

Environment Variables:
PATH=C:/Xilinx/Vivado/2024.2\gnuwin\bin;C:/Xilinx/Vivado/2024.2\gnu\microblaze\nt\bin;C:/Xilinx/Vivado/2024.2/bin;C:/Xilinx/Vivado/2024.2/tps/win64/java-cef-95.0.4638.69/bin/lib/win64;C:/Xilinx/Vivado/2024.2/tps/win64/javafx-sdk-21.0.1/lib;C:/Xilinx/Vivado/2024.2/tps/win64/javafx-sdk-21.0.1/bin;C:/Xilinx/Vivado/2024.2/lib/win64.o;C:/Xilinx/Vivado/2024.2/tps/win64/jre21.0.1_12/bin/server;C:/Xilinx/Vivado/2024.2/tps/win64/jre21.0.1_12/bin;C:/Xilinx/Vitis/2024.2/bin;C:/Xilinx/Vivado/2024.2/ids_lite/ISE/bin/nt64;C:/Xilinx/Vivado/2024.2/ids_lite/ISE/lib/nt64;C:/Xilinx/Vitis_HLS/2024.2/bin;C:\Windows\system32;C:\Windows;C:\Windows\System32\Wbem;C:\Windows\System32\WindowsPowerShell\v1.0\;C:\Windows\System32\OpenSSH\;C:\Program Files (x86)\NVIDIA Corporation\PhysX\Common;C:\Program Files\NVIDIA Corporation\NVIDIA NvDLISR;C:\Program Files\PuTTY\;C:\Program Files\Git\cmd;C:\Users\wikto\AppData\Local\Programs\Python\Python313\Scripts\;C:\Users\wikto\AppData\Local\Programs\Python\Python313\;C:\Users\wikto\AppData\Local\Programs\Python\Launcher\;C:\Users\wikto\AppData\Local\Microsoft\WindowsApps;C:\Users\wikto\AppData\Local\Programs\Microsoft VS Code\bin;C:/Xilinx/Vivado/2024.2\tps\mingw\6.2.0\win64.o\nt\bin;C:/Xilinx/Vivado/2024.2\tps\mingw\6.2.0\win64.o\nt\libexec\gcc\x86_64-w64-mingw32\6.2.0;C:/Xilinx/Vivado/2024.2\tps\win64\python-3.8.3;C:/Xilinx/Vivado/2024.2\tps\win64\python-3.8.3\bin;C:/Xilinx/Vivado/2024.2\tps\win64\python-3.8.3\lib;C:/Xilinx/Vivado/2024.2\tps\win64\python-3.8.3\lib\site-packages
USERNAME=wikto
OS=Windows_NT
PROCESSOR_IDENTIFIER=Intel64 Family 6 Model 158 Stepping 13, GenuineIntel
TMP=C:\Users\wikto\AppData\Local\Temp
TEMP=C:\Users\wikto\AppData\Local\Temp




Periodic native trim disabled

---------------  S Y S T E M  ---------------

OS:
 Windows 11 , 64 bit Build 26100 (10.0.26100.5074)
OS uptime: 5 days 18:34 hours
Hyper-V role detected

CPU: total 8 (initial active 8) (4 cores per cpu, 2 threads per core) family 6 model 158 stepping 13 microcode 0xf0, cx8, cmov, fxsr, ht, mmx, 3dnowpref, sse, sse2, sse3, ssse3, sse4.1, sse4.2, popcnt, lzcnt, tsc, tscinvbit, avx, avx2, aes, erms, clmul, bmi1, bmi2, adx, fma, vzeroupper, clflush, clflushopt, hv, rdtscp, f16c
Processor Information for all 8 processors :
  Max Mhz: 2400, Current Mhz: 2400, Mhz Limit: 2400

Memory: 4k page, system-wide physical 32679M (16391M free)
TotalPageFile size 34727M (AvailPageFile size 8988M)
current process WorkingSet (physical memory assigned to process): 892M, peak: 4392M
current process commit charge ("private bytes"): 2792M, peak: 4689M

vm_info: OpenJDK 64-Bit Server VM (21.0.1+12-LTS) for windows-amd64 JRE (21.0.1+12-LTS), built on 2023-10-17T00:00:00Z by "admin" with unknown MS VC++:1937

END.
